Year,Month,Stage,Survey,Species,Quantity
1952,8,EL-LV_LC,EEL,Anguilla,19
1954,2,EL-LV_LC,EEL,Anguilla rostrata,1
1954,8,EL-LV_LC,EEL,Anguilla,5
1957,9,EL-LV_LC,EEL,Anguilla,2
1961,5,EL-LV_LC,EEL,Anguilla,4
1962,9,EL-LV_LC,EEL,Anguilla,54
1963,5,EL-LV_LC,EEL,Anguilla rostrata,14
1963,8,EL-LV_LC,EEL,Anguilla rostrata,2
1964,9,EL-LV_LC,EEL,Anguilla,161
1964,10,EL-LV_LC,EEL,Anguilla rostrata,1
1965,1,EL-LV_GE,EEL,Anguilla rostrata,3
1965,5,EL-LV_LC,EEL,Anguilla rostrata,1
1965,8,EL-LV_LC,EEL,Anguilla rostrata,2
1966,2,EL-LV_LC,EEL,Anguilla,1
1966,5,EL-LV_LC,EEL,Anguilla,2
1966,6,EL-LV_LC,EEL,Anguilla rostrata,50
1968,11,EL-LV_LC,EEL,Anguilla,7
1968,12,EL-LV_LC,EEL,Anguilla rostrata,10
1970,2,EL-LV_LC,EEL,Anguilla rostrata,1
1970,8,EL-LV_LC,EEL,Anguilla,11
1970,12,EL-LV_LC,EEL,Anguilla rostrata,3
1972,7,EL-LV_LC,EEL,Anguilla,172
1972,8,EL-LV_LC,EEL,Anguilla rostrata,1
1972,8,LV,IHLS,Clupea harengus,460
1973,9,EL-LV_LC,EEL,Anguilla,5
1974,1,LV,IHLS,Clupea harengus,3320
1974,8,LV,IHLS,Clupea harengus,1840
1975,9,LV,IHLS,Clupea harengus,15480
1975,12,LV,IHLS,Clupea harengus,2420
1976,4,EL-LV_GE,EEL,Anguilla rostrata,1
1976,4,EL-LV_LC,EEL,Anguilla rostrata,8
1976,7,EL-LV_LC,EEL,Anguilla,8
1976,7,EL-LV_LC,EEL,Anguilla rostrata,53
1976,1,LV,IHLS,Clupea harengus,1300
1977,2,EL-LV_GE,EEL,Anguilla rostrata,4
1977,2,EL-LV_LC,EEL,Anguilla rostrata,1
1977,8,EL-LV_LC,EEL,Anguilla,9
1977,9,EL-LV_LC,EEL,Anguilla rostrata,66
1977,11,EL-LV_LC,EEL,Anguilla,9
1977,12,EL-LV_LC,EEL,Anguilla rostrata,1
1977,9,LV,IHLS,Clupea harengus,18880
1977,12,LV,IHLS,Clupea harengus,2260
1978,7,EL-LV_GE,EEL,Anguilla rostrata,2
1978,7,EL-LV_LC,EEL,Anguilla rostrata,147
1978,10,LV,IHLS,Clupea harengus,8320
1979,2,EL-LV_GE,EEL,Anguilla rostrata,9
1979,5,EL-LV_GE,EEL,Anguilla rostrata,16
1979,2,EL-LV_LC,EEL,Anguilla rostrata,8
1979,12,EL-LV_LC,EEL,Anguilla rostrata,1
1979,8,LV,IHLS,Clupea harengus,2060
1980,10,EL-LV_LC,EEL,Anguilla rostrata,1
1980,10,LV,IHLS,Clupea harengus,9680
1981,5,EL-LV_GE,EEL,Anguilla rostrata,1
1981,2,EL-LV_LC,EEL,Anguilla rostrata,146
1981,4,EL-LV_LC,EEL,Anguilla,120
1981,8,LV,IHLS,Clupea harengus,1220
1981,11,LV,IHLS,Clupea harengus,860
1982,3,EL-LV_GE,EEL,Anguilla rostrata,6
1982,9,LV,IHLS,Clupea harengus,21580
1983,4,EL-LV_LC,EEL,Anguilla,687
1983,1,LV,IHLS,Clupea harengus,3360
1983,11,LV,IHLS,Clupea harengus,3180
1984,8,EL-LV_LC,EEL,Anguilla,297
1984,9,LV,IHLS,Clupea harengus,24720
1984,12,LV,IHLS,Clupea harengus,2440
1985,4,EL-LV_GE,EEL,Anguilla rostrata,5
1985,3,EL-LV_LC,EEL,Anguilla,316
1985,1,LV,IHLS,Clupea harengus,3840
1986,8,EL-LV_LC,EEL,Anguilla,6
1986,9,EL-LV_LC,EEL,Anguilla rostrata,1
1986,9,LV,IHLS,Clupea harengus,21920
1986,12,LV,IHLS,Clupea harengus,2680
1987,9,EL-LV_LC,EEL,Anguilla,3
1987,10,LV,IHLS,Clupea harengus,10720
1988,2,EL-LV_GE,EEL,Anguilla rostrata,3
1988,2,LV,IHLS,Clupea harengus,200
1988,8,LV,IHLS,Clupea harengus,760
1989,10,LV,IHLS,Clupea harengus,6980
1991,9,LV,IHLS,Clupea harengus,8700
1954,3,EL-LV_LC,EEL,Anguilla rostrata,3
1958,3,EL-LV_LC,EEL,Anguilla,1
1959,9,EL-LV_LC,EEL,Anguilla,1
1961,5,EL-LV_LC,EEL,Anguilla rostrata,5
1962,8,EL-LV_LC,EEL,Anguilla rostrata,1
1963,8,EL-LV_LC,EEL,Anguilla,12
1964,7,EL-LV_LC,EEL,Anguilla rostrata,56
1964,8,EL-LV_LC,EEL,Anguilla,19
1965,2,EL-LV_GE,EEL,Anguilla rostrata,1
1965,4,EL-LV_LC,EEL,Anguilla rostrata,5
1965,7,EL-LV_LC,EEL,Anguilla rostrata,5
1965,10,EL-LV_LC,EEL,Anguilla rostrata,7
1966,4,EL-LV_LC,EEL,Anguilla rostrata,2
1966,8,EL-LV_LC,EEL,Anguilla,1
1966,10,EL-LV_LC,EEL,Anguilla rostrata,4
1967,1,EL-LV_LC,EEL,Anguilla,1
1968,1,EL-LV_LC,EEL,Anguilla,6
1968,3,EL-LV_LC,EEL,Anguilla rostrata,2
1968,10,EL-LV_LC,EEL,Anguilla rostrata,1
1970,10,EL-LV_LC,EEL,Anguilla,2
1972,1,LV,IHLS,Clupea harengus,4720
1973,1,LV,IHLS,Clupea harengus,2900
1973,10,LV,IHLS,Clupea harengus,6400
1974,4,EL-LV_GE,EEL,Anguilla rostrata,3
1974,3,EL-LV_LC,EEL,Anguilla,6
1974,10,LV,IHLS,Clupea harengus,8700
1975,10,LV,IHLS,Clupea harengus,7960
1976,12,EL-LV_LC,EEL,Anguilla,15
1976,10,LV,IHLS,Clupea harengus,9500
1977,3,EL-LV_GE,EEL,Anguilla rostrata,51
1977,8,EL-LV_LC,EEL,Anguilla rostrata,9
1977,9,EL-LV_LC,EEL,Anguilla,76
1977,11,EL-LV_LC,EEL,Anguilla rostrata,8
1978,8,EL-LV_LC,EEL,Anguilla rostrata,457
1978,9,LV,IHLS,Clupea harengus,11960
1979,3,EL-LV_GE,EEL,Anguilla rostrata,29
1979,2,EL-LV_LC,EEL,Anguilla,4
1979,11,EL-LV_LC,EEL,Anguilla rostrata,4
1979,9,LV,IHLS,Clupea harengus,13800
1979,12,LV,IHLS,Clupea harengus,1380
1980,6,EL-LV_GE,EEL,Anguilla rostrata,7
1980,9,EL-LV_GE,EEL,Anguilla rostrata,1
1980,11,EL-LV_LC,EEL,Anguilla rostrata,1
1980,9,LV,IHLS,Clupea harengus,26020
1980,12,LV,IHLS,Clupea harengus,960
1981,2,EL-LV_GE,EEL,Anguilla rostrata,14
1981,2,EL-LV_LC,EEL,Anguilla,5
1981,4,EL-LV_LC,EEL,Anguilla rostrata,149
1981,2,LV,IHLS,Clupea harengus,480
1981,9,LV,IHLS,Clupea harengus,21900
1981,12,LV,IHLS,Clupea harengus,1080
1982,2,EL-LV_GE,EEL,Anguilla rostrata,1
1982,5,EL-LV_GE,EEL,Anguilla rostrata,3
1982,11,EL-LV_LC,EEL,Anguilla,25
1982,2,LV,IHLS,Clupea harengus,660
1982,12,LV,IHLS,Clupea harengus,2220
1983,2,EL-LV_GE,EEL,Anguilla rostrata,2
1983,4,EL-LV_LC,EEL,Anguilla rostrata,285
1983,12,LV,IHLS,Clupea harengus,1300
1984,2,EL-LV_GE,EEL,Anguilla rostrata,2
1984,5,EL-LV_GE,EEL,Anguilla rostrata,1
1984,7,EL-LV_LC,EEL,Anguilla rostrata,84
1984,10,EL-LV_LC,EEL,Anguilla rostrata,252
1984,8,LV,IHLS,Clupea harengus,1280
1985,5,EL-LV_GE,EEL,Anguilla rostrata,1
1985,3,EL-LV_LC,EEL,Anguilla rostrata,232
1985,4,EL-LV_LC,EEL,Anguilla,22
1985,8,LV,IHLS,Clupea harengus,980
1985,11,LV,IHLS,Clupea harengus,1580
1986,11,LV,IHLS,Clupea harengus,1420
1987,1,LV,IHLS,Clupea harengus,3780
1987,8,LV,IHLS,Clupea harengus,20
1987,11,LV,IHLS,Clupea harengus,680
1988,1,LV,IHLS,Clupea harengus,4120
1988,11,LV,IHLS,Clupea harengus,1400
1989,1,LV,IHLS,Clupea harengus,3880
1990,1,LV,IHLS,Clupea harengus,2340
1990,10,LV,IHLS,Clupea harengus,6020
1991,10,LV,IHLS,Clupea harengus,3400
1951,2,EL-LV_LC,EEL,Anguilla,2
1953,8,EL-LV_LC,EEL,Anguilla,5
1955,4,EL-LV_LC,EEL,Anguilla,2
1956,9,EL-LV_LC,EEL,Anguilla,10
1958,12,EL-LV_LC,EEL,Anguilla,1
1962,2,EL-LV_GE,EEL,Anguilla rostrata,1
1964,8,EL-LV_LC,EEL,Anguilla rostrata,118
1965,2,EL-LV_LC,EEL,Anguilla,1
1965,6,EL-LV_LC,EEL,Anguilla rostrata,141
1966,4,EL-LV_LC,EEL,Anguilla,85
1967,8,EL-LV_LC,EEL,Anguilla,3
1968,1,EL-LV_GE,EEL,Anguilla rostrata,1
1968,7,EL-LV_LC,EEL,Anguilla rostrata,1
1970,9,EL-LV_LC,EEL,Anguilla,2
1972,3,EL-LV_GE,EEL,Anguilla rostrata,1
1972,3,EL-LV_LC,EEL,Anguilla rostrata,1
1972,6,EL-LV_LC,EEL,Anguilla,2
1972,10,LV,IHLS,Clupea harengus,6100
1973,8,LV,IHLS,Clupea harengus,1480
1974,9,LV,IHLS,Clupea harengus,13900
1975,11,EL-LV_LC,EEL,Anguilla rostrata,7
1975,1,LV,IHLS,Clupea harengus,2240
1976,12,EL-LV_LC,EEL,Anguilla rostrata,1
1976,9,LV,IHLS,Clupea harengus,15240
1977,1,LV,IHLS,Clupea harengus,1880
1977,10,LV,IHLS,Clupea harengus,7400
1978,5,EL-LV_GE,EEL,Anguilla rostrata,2
1978,2,EL-LV_LC,EEL,Anguilla rostrata,2
1978,8,EL-LV_LC,EEL,Anguilla,66
1978,12,LV,IHLS,Clupea harengus,1660
1979,3,EL-LV_LC,EEL,Anguilla,46
1979,4,EL-LV_LC,EEL,Anguilla rostrata,184
1979,9,EL-LV_LC,EEL,Anguilla,1
1979,10,LV,IHLS,Clupea harengus,10220
1980,2,EL-LV_GE,EEL,Anguilla rostrata,2
1980,5,EL-LV_GE,EEL,Anguilla rostrata,7
1980,4,EL-LV_LC,EEL,Anguilla,7
1980,8,EL-LV_LC,EEL,Anguilla rostrata,1
1980,2,LV,IHLS,Clupea harengus,1660
1981,3,EL-LV_GE,EEL,Anguilla rostrata,9
1981,3,EL-LV_LC,EEL,Anguilla rostrata,229
1981,9,EL-LV_LC,EEL,Anguilla,5
1982,1,EL-LV_GE,EEL,Anguilla rostrata,5
1982,1,LV,IHLS,Clupea harengus,3680
1982,8,LV,IHLS,Clupea harengus,2820
1982,11,LV,IHLS,Clupea harengus,1680
1983,3,EL-LV_GE,EEL,Anguilla rostrata,8
1983,2,EL-LV_LC,EEL,Anguilla,8
1983,9,LV,IHLS,Clupea harengus,24320
1984,4,EL-LV_GE,EEL,Anguilla rostrata,2
1984,7,EL-LV_LC,EEL,Anguilla,95
1984,10,EL-LV_LC,EEL,Anguilla,101
1984,11,EL-LV_LC,EEL,Anguilla rostrata,1
1984,1,LV,IHLS,Clupea harengus,5760
1984,11,LV,IHLS,Clupea harengus,1620
1985,2,EL-LV_GE,EEL,Anguilla rostrata,2
1985,9,LV,IHLS,Clupea harengus,24860
1985,12,LV,IHLS,Clupea harengus,2800
1986,1,LV,IHLS,Clupea harengus,4220
1986,10,LV,IHLS,Clupea harengus,10560
1987,12,LV,IHLS,Clupea harengus,2500
1988,10,LV,IHLS,Clupea harengus,12380
1989,2,EL-LV_LC,EEL,Anguilla rostrata,1
1989,8,EL-LV_LC,EEL,Anguilla rostrata,1
1989,8,LV,IHLS,Clupea harengus,180
1991,1,LV,IHLS,Clupea harengus,3920
1992,4,EG,MEGS,Scomber scombrus,595
1992,4,EG,MEGS,Trachurus trachurus,322
1992,7,EG,MEGS,Trachurus trachurus,214
1992,5,EL-EG_1,MEGS,Scomber scombrus,469
1992,4,EL-EG_2,MEGS,Scomber scombrus,221
1992,7,EL-EG_2,MEGS,Scomber scombrus,35
1992,7,EL-EG_2,MEGS,Trachurus trachurus,47
1992,4,EL-EG_3,MEGS,Scomber scombrus,228
1992,7,EL-EG_3,MEGS,Scomber scombrus,48
1992,6,EL-EG_4,MEGS,Scomber scombrus,290
1992,6,EL-EG_5,MEGS,Scomber scombrus,244
1992,4,LV,RHLS,Clupea harengus,113
1992,9,LV,IHLS,Clupea harengus,7860
1951,6,EL-LV_LC,EEL,Anguilla,18
1951,12,EL-LV_LC,EEL,Anguilla,1
1952,2,EL-LV_LC,EEL,Anguilla,1
1953,8,EL-LV_LC,EEL,Anguilla rostrata,28
1954,5,EL-LV_LC,EEL,Anguilla,1
1955,5,EL-LV_LC,EEL,Anguilla,1
1955,8,EL-LV_LC,EEL,Anguilla,1
1956,8,EL-LV_LC,EEL,Anguilla,20
1957,8,EL-LV_LC,EEL,Anguilla,15
1958,8,EL-LV_LC,EEL,Anguilla,3
1959,4,EL-LV_LC,EEL,Anguilla,1
1961,7,EL-LV_LC,EEL,Anguilla,2
1962,6,EL-LV_LC,EEL,Anguilla rostrata,13
1962,9,EL-LV_LC,EEL,Anguilla rostrata,53
1963,1,EL-LV_GE,EEL,Anguilla rostrata,1
1964,9,EL-LV_LC,EEL,Anguilla rostrata,71
1964,10,EL-LV_LC,EEL,Anguilla,5
1965,4,EL-LV_GE,EEL,Anguilla rostrata,1
1965,6,EL-LV_LC,EEL,Anguilla,6
1966,3,EL-LV_LC,EEL,Anguilla,8
1967,8,EL-LV_LC,EEL,Anguilla rostrata,38
1968,2,EL-LV_LC,EEL,Anguilla rostrata,2
1968,8,EL-LV_LC,EEL,Anguilla rostrata,4
1968,11,EL-LV_LC,EEL,Anguilla rostrata,8
1968,12,EL-LV_LC,EEL,Anguilla,18
1970,12,EL-LV_LC,EEL,Anguilla,88
1971,4,EL-LV_LC,EEL,Anguilla rostrata,3
1972,8,EL-LV_LC,EEL,Anguilla,2
1972,9,LV,IHLS,Clupea harengus,14220
1972,12,LV,IHLS,Clupea harengus,2420
1973,11,EL-LV_LC,EEL,Anguilla,1
1973,2,LV,IHLS,Clupea harengus,580
1973,9,LV,IHLS,Clupea harengus,13660
1973,12,LV,IHLS,Clupea harengus,2400
1974,7,EL-LV_LC,EEL,Anguilla rostrata,2
1974,12,LV,IHLS,Clupea harengus,1640
1975,10,EL-LV_LC,EEL,Anguilla rostrata,5
1975,8,LV,IHLS,Clupea harengus,380
1976,2,EL-LV_GE,EEL,Anguilla rostrata,9
1976,10,EL-LV_LC,EEL,Anguilla rostrata,3
1977,5,EL-LV_GE,EEL,Anguilla rostrata,14
1977,4,EL-LV_LC,EEL,Anguilla,10
1977,10,EL-LV_LC,EEL,Anguilla rostrata,4
1977,8,LV,IHLS,Clupea harengus,240
1978,3,EL-LV_LC,EEL,Anguilla rostrata,23
1978,7,EL-LV_LC,EEL,Anguilla,18
1978,1,LV,IHLS,Clupea harengus,1000
1978,8,LV,IHLS,Clupea harengus,5960
1979,1,EL-LV_GE,EEL,Anguilla rostrata,7
1979,4,EL-LV_GE,EEL,Anguilla rostrata,2
1979,3,EL-LV_LC,EEL,Anguilla rostrata,20
1979,4,EL-LV_LC,EEL,Anguilla,281
1979,1,LV,IHLS,Clupea harengus,3660
1980,6,EL-LV_LC,EEL,Anguilla rostrata,3
1980,9,EL-LV_LC,EEL,Anguilla rostrata,20
1980,1,LV,IHLS,Clupea harengus,4480
1981,1,EL-LV_GE,EEL,Anguilla rostrata,13
1981,4,EL-LV_GE,EEL,Anguilla rostrata,4
1981,3,EL-LV_LC,EEL,Anguilla,89
1981,10,EL-LV_LC,EEL,Anguilla,4
1981,1,LV,IHLS,Clupea harengus,5640
1981,10,LV,IHLS,Clupea harengus,10600
1982,7,EL-LV_GE,EEL,Anguilla rostrata,1
1982,11,EL-LV_GE,EEL,Anguilla,2
1982,10,LV,IHLS,Clupea harengus,9660
1983,2,EL-LV_LC,EEL,Anguilla rostrata,87
1983,10,LV,IHLS,Clupea harengus,8500
1984,3,EL-LV_GE,EEL,Anguilla rostrata,6
1984,8,EL-LV_LC,EEL,Anguilla rostrata,313
1984,9,EL-LV_LC,EEL,Anguilla,74
1984,10,LV,IHLS,Clupea harengus,12180
1985,10,LV,IHLS,Clupea harengus,12140
1986,2,EL-LV_LC,EEL,Anguilla,6
1986,9,EL-LV_LC,EEL,Anguilla,1
1987,9,LV,IHLS,Clupea harengus,21300
1988,2,EL-LV_LC,EEL,Anguilla,1
1988,9,LV,IHLS,Clupea harengus,18140
1988,12,LV,IHLS,Clupea harengus,2520
1989,2,EL-LV_LC,EEL,Anguilla,5
1989,9,LV,IHLS,Clupea harengus,20540
1989,12,LV,IHLS,Clupea harengus,1940
1990,9,LV,IHLS,Clupea harengus,10260
1990,12,LV,IHLS,Clupea harengus,1400
1991,12,LV,IHLS,Clupea harengus,2600
1992,5,EG,MEGS,Trachurus trachurus,592
1992,7,EG,MEGS,Scomber scombrus,213
1992,4,EL-EG_1,MEGS,Trachurus trachurus,177
1992,6,EL-EG_1,MEGS,Scomber scombrus,368
1992,7,EL-EG_1,MEGS,Trachurus trachurus,62
1992,5,EL-EG_2,MEGS,Scomber scombrus,414
1992,6,EL-EG_2,MEGS,Trachurus trachurus,283
1992,6,EL-EG_3,MEGS,Trachurus trachurus,300
1992,5,EL-EG_4,MEGS,Trachurus trachurus,206
1992,7,EL-EG_4,MEGS,Scomber scombrus,52
1992,5,LV,RHLS,Clupea harengus,140
1993,3,EL-LV_LC,EEL,Anguilla rostrata,2
1993,5,LV,RHLS,Clupea harengus,70
1994,11,EL-LV_GE,EEL,Anguilla rostrata,1
1994,2,LV,MIK,Clupea harengus,1272
1995,3,EG,MEGS,Scomber scombrus,91
1995,4,EG,MEGS,Trachurus trachurus,289
1995,6,EG,MEGS,Scomber scombrus,785
1995,2,EL-EG_1,MEGS,Scomber scombrus,22
1995,3,EL-EG_1,MEGS,Trachurus trachurus,104
1995,5,EL-EG_1,MEGS,Scomber scombrus,350
1995,6,EL-EG_1,MEGS,Trachurus trachurus,152
1995,2,EL-EG_2,MEGS,Trachurus trachurus,42
1995,4,EL-EG_2,MEGS,Scomber,1
1995,4,EL-EG_2,MEGS,Scomber scombrus,112
1995,5,EL-EG_2,MEGS,Trachurus trachurus,186
1995,7,EL-EG_2,MEGS,Scomber scombrus,24
1995,2,EL-EG_3,MEGS,Trachurus trachurus,35
1995,4,EL-EG_3,MEGS,Scomber scombrus,139
1995,5,EL-EG_3,MEGS,Trachurus trachurus,204
1995,7,EL-EG_3,MEGS,Scomber scombrus,44
1995,3,EL-EG_4,MEGS,Scomber scombrus,42
1995,4,EL-EG_4,MEGS,Trachurus trachurus,88
1995,6,EL-EG_4,MEGS,Scomber scombrus,142
1995,7,EL-EG_4,MEGS,Trachurus trachurus,51
1995,3,EL-EG_5,MEGS,Scomber scombrus,31
1995,6,EL-EG_5,MEGS,Scomber scombrus,130
1995,1,LV,IHLS,Clupea harengus,3960
1995,2,LV,MIK,Clupea harengus,1904
1995,4,LV,RHLS,Clupea harengus,122
1996,1,LV,IHLS,Clupea harengus,3500
1996,2,LV,MIK,Clupea harengus,1166
1996,4,LV,RHLS,Clupea harengus,6
1997,1,LV,IHLS,Clupea harengus,4060
1997,2,LV,MIK,Clupea harengus,1084
1997,4,LV,RHLS,Clupea harengus,140
1998,2,EG,MEGS,Scomber scombrus,4
1998,4,EG,MEGS,Trachurus trachurus,124
1998,7,EG,MEGS,Trachurus trachurus,14
1998,1,EL-EG_1,MEGS,Scomber,7
1998,3,EL-EG_1,MEGS,Trachurus trachurus,102
1998,6,EL-EG_1,MEGS,Trachurus trachurus,164
1998,2,EL-EG_2,MEGS,Trachurus trachurus,12
1998,5,EL-EG_2,MEGS,Trachurus trachurus,19
1998,1,EL-EG_3,MEGS,Trachurus trachurus,7
1998,3,EL-EG_3,MEGS,Scomber scombrus,24
1998,5,EL-EG_3,MEGS,Trachurus trachurus,17
1998,4,EL-EG_4,MEGS,Trachurus trachurus,17
1998,5,EL-EG_5,MEGS,Scomber scombrus,1
1998,1,LV,IHLS,Clupea harengus,4000
1998,7,LV,RHLS,Clupea harengus,10
1999,1,LV,MIK,Clupea harengus,1203
1999,10,LV,IHLS,Clupea harengus,2180
2000,1,LV,MIK,Clupea harengus,625
2001,2,EG,MEGS,Scomber scombrus,46
2001,3,EG,MEGS,Trachurus trachurus,83
2001,5,EG,MEGS,Scomber scombrus,757
2001,6,EG,MEGS,Trachurus trachurus,161
2001,2,EL-EG_1,MEGS,Trachurus trachurus,19
2001,4,EL-EG_1,MEGS,Scomber scombrus,334
2001,5,EL-EG_1,MEGS,Trachurus trachurus,126
2001,7,EL-EG_1,MEGS,Scomber scombrus,34
1992,6,EG,MEGS,Scomber scombrus,1215
1992,6,EL-EG_1,MEGS,Trachurus trachurus,334
1992,5,EL-EG_2,MEGS,Trachurus trachurus,277
1992,5,EL-EG_3,MEGS,Scomber scombrus,424
1992,5,EL-EG_3,MEGS,Trachurus trachurus,328
1992,4,EL-EG_4,MEGS,Scomber scombrus,198
1992,4,EL-EG_4,MEGS,Trachurus trachurus,86
1992,7,EL-EG_4,MEGS,Trachurus trachurus,49
1992,4,EL-EG_5,MEGS,Scomber scombrus,138
1992,7,EL-EG_5,MEGS,Scomber scombrus,22
1992,1,LV,IHLS,Clupea harengus,2300
1992,2,LV,MIK,Clupea harengus,2634
1992,6,LV,RHLS,Clupea harengus,6
1993,2,EL-LV_LC,EEL,Anguilla,2
1993,4,LV,RHLS,Clupea harengus,105
1993,9,LV,IHLS,Clupea harengus,7180
1993,12,LV,IHLS,Clupea harengus,1260
1994,1,LV,IHLS,Clupea harengus,2340
1994,5,LV,RHLS,Clupea harengus,151
1994,10,LV,IHLS,Clupea harengus,1440
1995,3,EG,MEGS,Trachurus trachurus,157
1995,4,EG,MEGS,Scomber scombrus,414
1995,7,EG,MEGS,Scomber scombrus,187
1995,7,EG,MEGS,Trachurus trachurus,207
1995,4,EL-EG_1,MEGS,Scomber,3
1995,4,EL-EG_1,MEGS,Scomber scombrus,145
1995,4,EL-EG_1,MEGS,Trachurus trachurus,116
1995,7,EL-EG_1,MEGS,Trachurus trachurus,68
1995,3,EL-EG_2,MEGS,Scomber,6
1995,3,EL-EG_2,MEGS,Scomber scombrus,73
1995,3,EL-EG_2,MEGS,Trachurus trachurus,83
1995,6,EL-EG_2,MEGS,Trachurus trachurus,123
1995,3,EL-EG_3,MEGS,Scomber,3
1995,3,EL-EG_3,MEGS,Scomber scombrus,69
1995,3,EL-EG_3,MEGS,Trachurus trachurus,77
1995,6,EL-EG_3,MEGS,Scomber scombrus,152
1995,6,EL-EG_3,MEGS,Trachurus trachurus,124
1995,2,EL-EG_4,MEGS,Scomber,3
1995,2,EL-EG_4,MEGS,Scomber scombrus,5
1995,2,EL-EG_4,MEGS,Trachurus trachurus,28
1995,5,EL-EG_4,MEGS,Scomber scombrus,238
1995,5,EL-EG_4,MEGS,Trachurus trachurus,117
1995,2,EL-EG_5,MEGS,Scomber scombrus,2
1995,5,EL-EG_5,MEGS,Scomber scombrus,189
1995,3,LV,MIK,Clupea harengus,55
1995,12,LV,IHLS,Clupea harengus,1240
1996,1,LV,MIK,Clupea harengus,263
1996,5,LV,RHLS,Clupea harengus,146
1996,10,LV,IHLS,Clupea harengus,140
1997,6,LV,RHLS,Clupea harengus,105
1998,1,EG,MEGS,Trachurus trachurus,40
1998,5,EG,MEGS,Scomber scombrus,168
1998,2,EL-EG_1,MEGS,Scomber,2
1998,2,EL-EG_1,MEGS,Trachurus trachurus,18
1998,5,EL-EG_1,MEGS,Scomber scombrus,138
1998,5,EL-EG_1,MEGS,Trachurus trachurus,95
1998,1,EL-EG_2,MEGS,Scomber,2
1998,1,EL-EG_2,MEGS,Trachurus trachurus,8
1998,4,EL-EG_2,MEGS,Scomber scombrus,22
1998,4,EL-EG_2,MEGS,Trachurus trachurus,18
1998,4,EL-EG_3,MEGS,Scomber scombrus,21
1998,4,EL-EG_3,MEGS,Trachurus trachurus,20
1998,3,EL-EG_4,MEGS,Scomber scombrus,22
1998,3,EL-EG_4,MEGS,Trachurus trachurus,15
1998,6,EL-EG_4,MEGS,Scomber scombrus,2
1998,6,EL-EG_4,MEGS,Trachurus trachurus,9
1998,3,EL-EG_5,MEGS,Scomber scombrus,18
1998,6,EL-EG_5,MEGS,Scomber scombrus,1
1998,1,LV,MIK,Clupea harengus,240
1999,1,LV,IHLS,Clupea harengus,3940
1999,2,LV,MIK,Clupea harengus,2546
1999,6,LV,RHLS,Clupea harengus,158
2000,4,LV,RHLS,Clupea harengus,35
2000,9,LV,IHLS,Clupea harengus,8220
2000,12,LV,IHLS,Clupea harengus,1460
2001,2,EG,MEGS,Trachurus trachurus,61
2001,6,EG,MEGS,Scomber scombrus,307
1992,5,EG,MEGS,Scomber scombrus,895
1992,6,EG,MEGS,Trachurus trachurus,1132
1992,4,EL-EG_1,MEGS,Scomber scombrus,267
1992,5,EL-EG_1,MEGS,Trachurus trachurus,393
1992,7,EL-EG_1,MEGS,Scomber scombrus,56
1992,4,EL-EG_2,MEGS,Trachurus trachurus,122
1992,6,EL-EG_2,MEGS,Scomber scombrus,319
1992,4,EL-EG_3,MEGS,Trachurus trachurus,146
1992,6,EL-EG_3,MEGS,Scomber scombrus,326
1992,7,EL-EG_3,MEGS,Trachurus trachurus,56
1992,5,EL-EG_4,MEGS,Scomber scombrus,334
1992,6,EL-EG_4,MEGS,Trachurus trachurus,282
1992,5,EL-EG_5,MEGS,Scomber scombrus,203
1992,1,LV,MIK,Clupea harengus,224
1992,10,LV,IHLS,Clupea harengus,3960
1993,6,LV,RHLS,Clupea harengus,98
1993,10,LV,IHLS,Clupea harengus,6440
1994,1,LV,MIK,Clupea harengus,131
1994,6,LV,RHLS,Clupea harengus,94
1995,6,EG,MEGS,Trachurus trachurus,517
1995,3,EL-EG_1,MEGS,Scomber,4
1995,5,EL-EG_1,MEGS,Trachurus trachurus,244
1995,7,EL-EG_1,MEGS,Scomber scombrus,51
1995,2,EL-EG_2,MEGS,Scomber,5
1995,4,EL-EG_2,MEGS,Trachurus trachurus,61
1995,6,EL-EG_2,MEGS,Scomber scombrus,141
1995,7,EL-EG_2,MEGS,Trachurus trachurus,34
1995,2,EL-EG_3,MEGS,Scomber,4
1995,2,EL-EG_3,MEGS,Scomber scombrus,19
1995,7,EL-EG_3,MEGS,Trachurus trachurus,54
1995,4,EL-EG_4,MEGS,Scomber,1
1995,6,EL-EG_4,MEGS,Trachurus trachurus,118
1995,4,EL-EG_5,MEGS,Scomber scombrus,96
1995,6,LV,RHLS,Clupea harengus,70
1995,9,LV,IHLS,Clupea harengus,2440
1996,6,LV,RHLS,Clupea harengus,70
1996,9,LV,IHLS,Clupea harengus,4580
1996,12,LV,IHLS,Clupea harengus,1180
1997,9,LV,IHLS,Clupea harengus,3840
1997,12,LV,IHLS,Clupea harengus,1220
1998,1,EG,MEGS,Scomber scombrus,14
1998,2,EG,MEGS,Trachurus trachurus,58
1998,4,EG,MEGS,Scomber scombrus,181
1998,5,EG,MEGS,Trachurus trachurus,144
1998,7,EG,MEGS,Scomber scombrus,22
1998,1,EL-EG_1,MEGS,Trachurus trachurus,19
1998,3,EL-EG_1,MEGS,Scomber scombrus,141
1998,4,EL-EG_1,MEGS,Trachurus trachurus,69
1998,6,EL-EG_1,MEGS,Scomber scombrus,212
1998,3,EL-EG_2,MEGS,Trachurus trachurus,20
1998,5,EL-EG_2,MEGS,Scomber scombrus,11
1998,1,EL-EG_3,MEGS,Scomber,5
1998,3,EL-EG_3,MEGS,Trachurus trachurus,21
1998,5,EL-EG_3,MEGS,Scomber scombrus,12
1998,6,EL-EG_3,MEGS,Trachurus trachurus,14
1998,2,EL-EG_4,MEGS,Trachurus trachurus,13
1998,4,EL-EG_4,MEGS,Scomber scombrus,23
1998,5,EL-EG_4,MEGS,Trachurus trachurus,13
1998,4,EL-EG_5,MEGS,Scomber scombrus,21
1998,5,LV,RHLS,Clupea harengus,140
1998,9,LV,IHLS,Clupea harengus,5380
1998,12,LV,IHLS,Clupea harengus,1240
1999,5,LV,RHLS,Clupea harengus,157
1999,12,LV,IHLS,Clupea harengus,1280
2000,7,EL-LV_LC,EEL,Anguilla rostrata,1
2000,3,LV,MIK,Clupea harengus,32
2000,5,LV,RHLS,Clupea harengus,175
2001,3,EG,MEGS,Scomber scombrus,300
2001,5,EG,MEGS,Trachurus trachurus,412
2001,7,EG,MEGS,Scomber scombrus,93
2001,2,EL-EG_1,MEGS,Scomber,4
2001,2,EL-EG_1,MEGS,Scomber scombrus,11
2001,4,EL-EG_1,MEGS,Trachurus trachurus,186
2001,7,EL-EG_1,MEGS,Trachurus trachurus,29
2001,1,EL-EG_2,MEGS,Scomber,1
2001,3,EL-EG_2,MEGS,Trachurus trachurus,36
2001,6,EL-EG_2,MEGS,Trachurus trachurus,83
1992,12,LV,IHLS,Clupea harengus,560
1993,3,EL-LV_LC,EEL,Anguilla,2
1993,1,LV,IHLS,Clupea harengus,2340
1993,2,LV,MIK,Clupea harengus,4705
1994,3,LV,MIK,Clupea harengus,62
1994,4,LV,RHLS,Clupea harengus,94
1994,9,LV,IHLS,Clupea harengus,3880
1994,12,LV,IHLS,Clupea harengus,1360
1995,2,EG,MEGS,Scomber scombrus,22
1995,2,EG,MEGS,Trachurus trachurus,101
1995,5,EG,MEGS,Scomber scombrus,1208
1995,5,EG,MEGS,Trachurus trachurus,678
1995,2,EL-EG_1,MEGS,Scomber,10
1995,2,EL-EG_1,MEGS,Trachurus trachurus,52
1995,3,EL-EG_1,MEGS,Scomber scombrus,81
1995,6,EL-EG_1,MEGS,Scomber scombrus,220
1995,2,EL-EG_2,MEGS,Scomber scombrus,17
1995,5,EL-EG_2,MEGS,Scomber scombrus,326
1995,4,EL-EG_3,MEGS,Trachurus trachurus,96
1995,5,EL-EG_3,MEGS,Scomber scombrus,338
1995,3,EL-EG_4,MEGS,Scomber,3
1995,3,EL-EG_4,MEGS,Trachurus trachurus,58
1995,4,EL-EG_4,MEGS,Scomber scombrus,132
1995,7,EL-EG_4,MEGS,Scomber scombrus,42
1995,3,EL-EG_5,MEGS,Scomber,3
1995,7,EL-EG_5,MEGS,Scomber scombrus,26
1995,1,LV,MIK,Clupea harengus,350
1995,5,LV,RHLS,Clupea harengus,175
1995,10,LV,IHLS,Clupea harengus,760
1997,1,LV,MIK,Clupea harengus,157
1997,5,LV,RHLS,Clupea harengus,140
1998,3,EG,MEGS,Scomber scombrus,231
1998,3,EG,MEGS,Trachurus trachurus,158
1998,6,EG,MEGS,Scomber scombrus,220
1998,6,EG,MEGS,Trachurus trachurus,201
1998,4,EL-EG_1,MEGS,Scomber scombrus,94
1998,7,EL-EG_1,MEGS,Scomber scombrus,22
1998,7,EL-EG_1,MEGS,Trachurus trachurus,14
1998,3,EL-EG_2,MEGS,Scomber scombrus,26
1998,6,EL-EG_2,MEGS,Scomber scombrus,2
1998,6,EL-EG_2,MEGS,Trachurus trachurus,14
1998,2,EL-EG_3,MEGS,Scomber,2
1998,2,EL-EG_3,MEGS,Trachurus trachurus,15
1998,6,EL-EG_3,MEGS,Scomber scombrus,3
1998,1,EL-EG_4,MEGS,Trachurus trachurus,6
1998,5,EL-EG_4,MEGS,Scomber scombrus,6
1998,2,LV,MIK,Clupea harengus,639
1998,6,LV,RHLS,Clupea harengus,165
1999,4,LV,RHLS,Clupea harengus,35
1999,9,LV,IHLS,Clupea harengus,5500
2000,1,LV,IHLS,Clupea harengus,4240
2000,2,LV,MIK,Clupea harengus,1367
2000,6,LV,RHLS,Clupea harengus,140
2001,1,EG,MEGS,Scomber scombrus,9
2001,1,EG,MEGS,Trachurus trachurus,13
2001,4,EG,MEGS,Scomber scombrus,463
2001,4,EG,MEGS,Trachurus trachurus,197
2001,7,EG,MEGS,Trachurus trachurus,90
2001,1,EL-EG_1,MEGS,Scomber,5
2001,1,EL-EG_1,MEGS,Trachurus trachurus,4
2001,5,EL-EG_1,MEGS,Scomber scombrus,182
2001,4,EL-EG_2,MEGS,Scomber scombrus,205
2001,7,EL-EG_2,MEGS,Scomber scombrus,14
2001,7,EL-EG_2,MEGS,Trachurus trachurus,16
2001,3,EL-EG_3,MEGS,Scomber,15
2001,3,EL-EG_3,MEGS,Trachurus trachurus,48
2001,7,EL-EG_3,MEGS,Scomber scombrus,15
2001,2,EL-EG_4,MEGS,Scomber,2
2001,2,EL-EG_4,MEGS,Trachurus trachurus,8
2001,6,EL-EG_4,MEGS,Scomber scombrus,128
2001,2,EL-EG_5,MEGS,Scomber,1
2001,2,EL-EG_5,MEGS,Scomber scombrus,1
2001,9,EL-LV_LC,EEL,Anguilla rostrata,2
2001,3,LV,MIK,Clupea harengus,47
2001,4,LV,RHLS,Clupea harengus,47
2001,9,LV,IHLS,Clupea harengus,4680
2001,12,LV,IHLS,Clupea harengus,1680
2002,1,LV,IHLS,Clupea harengus,4040
2001,1,EL-EG_2,MEGS,Trachurus trachurus,2
2001,3,EL-EG_2,MEGS,Scomber,4
2001,3,EL-EG_2,MEGS,Scomber scombrus,69
2001,4,EL-EG_2,MEGS,Trachurus trachurus,107
2001,6,EL-EG_2,MEGS,Scomber scombrus,140
2001,1,EL-EG_3,MEGS,Trachurus trachurus,6
2001,3,EL-EG_3,MEGS,Scomber scombrus,75
2001,4,EL-EG_3,MEGS,Trachurus trachurus,138
2001,6,EL-EG_3,MEGS,Scomber scombrus,149
2001,7,EL-EG_3,MEGS,Trachurus trachurus,25
2001,2,EL-EG_4,MEGS,Scomber scombrus,5
2001,3,EL-EG_4,MEGS,Trachurus trachurus,44
2001,5,EL-EG_4,MEGS,Scomber scombrus,140
2001,6,EL-EG_4,MEGS,Trachurus trachurus,69
2001,5,EL-EG_5,MEGS,Scomber scombrus,113
2001,8,EL-LV_LC,EEL,Anguilla rostrata,4
2001,1,LV,MIK,Clupea harengus,1131
2001,6,LV,RHLS,Clupea harengus,140
2002,1,LV,MIK,Clupea harengus,1246
2002,6,LV,RHLS,Clupea harengus,140
2003,12,EG,CP-EGGS,Pleuronectes platessa,2
2003,12,EL-EG_1A,CP-EGGS,Unidentified spp,78
2003,12,EL-EG_1B,CP-EGGS,Unidentified spp,38
2003,12,EL-EG_2,CP-EGGS,Triglidae,1
2003,12,EL-EG_4,CP-EGGS,Pleuronectes platessa,14
2003,12,EL-EG_5,CP-EGGS,Pleuronectes platessa,3
2003,6,LV,RHLS,Clupea harengus,140
2003,9,LV,IHLS,Clupea harengus,4480
2003,12,LV,CP-EGGS,Clupea harengus,163
2004,1,EG,MEGS,Scomber scombrus,37
2004,2,EG,CP-EGGS,Pleuronectes platessa,1
2004,3,EG,CP-EGGS,Callionymidae,2
2004,6,EG,MEGS,Trachurus trachurus,242
2004,3,EL-EG_1,CP-EGGS,Argentina sphyraena,2
2004,3,EL-EG_1,CP-EGGS,Phrynorhombus norvegicus,2
2004,3,EL-EG_1,MEGS,Scomber,12
2004,3,EL-EG_1,CP-EGGS,Scophthalmus maximus,4
2004,3,EL-EG_1,CP-EGGS,Triglidae,21
2004,3,EL-EG_1,CP-EGGS,Unidentified spp,58
2004,5,EL-EG_1,MEGS,Trachurus trachurus,144
2004,7,EL-EG_1,MEGS,Scomber scombrus,52
2004,1,EL-EG_1A,CP-EGGS,Callionymidae,7
2004,2,EL-EG_1A,CP-EGGS,Gadus morhua,171
2004,2,EL-EG_1A,CP-EGGS,Merlangius merlangus,311
2004,2,EL-EG_1A,CP-EGGS,Unidentified spp,1022
2004,3,EL-EG_1A,CP-EGGS,Gaidropsarus,13
2004,3,EL-EG_1A,CP-EGGS,Pleuronectes platessa,285
2004,4,EL-EG_1A,CP-EGGS,Sardina pilchardus,20
2004,1,EL-EG_1B,CP-EGGS,Callionymidae,1
2004,2,EL-EG_1B,CP-EGGS,Merlangius merlangus,94
2004,2,EL-EG_1B,CP-EGGS,Triglidae,5
2004,2,EL-EG_1B,CP-EGGS,Unidentified spp,737
2004,3,EL-EG_1B,CP-EGGS,Gaidropsarus,59
2004,3,EL-EG_1B,CP-EGGS,Pleuronectes platessa,279
2004,4,EL-EG_1B,CP-EGGS,Sardina pilchardus,17
2004,2,EL-EG_2,CP-EGGS,Gadus morhua,80
2004,2,EL-EG_2,MEGS,Scomber,9
2004,2,EL-EG_2,CP-EGGS,Unidentified spp,449
2004,3,EL-EG_2,CP-EGGS,Pleuronectes platessa,381
2004,3,EL-EG_2,CP-EGGS,Solea solea,1
2004,4,EL-EG_2,CP-EGGS,Sardina pilchardus,19
2004,4,EL-EG_2,MEGS,Trachurus trachurus,154
2004,6,EL-EG_2,MEGS,Scomber scombrus,177
2004,7,EL-EG_2,MEGS,Trachurus trachurus,22
2004,1,EL-EG_3,CP-EGGS,Merlangius merlangus,17
2004,2,EL-EG_3,CP-EGGS,Gadus morhua,138
2004,2,EL-EG_3,CP-EGGS,Melanogrammus aeglefinus,260
2004,2,EL-EG_3,MEGS,Scomber,3
2004,2,EL-EG_3,CP-EGGS,Triglidae,3
2004,3,EL-EG_3,CP-EGGS,Gaidropsarus,48
2004,3,EL-EG_3,CP-EGGS,Pleuronectes platessa,604
2004,3,EL-EG_3,CP-EGGS,Solea solea,2
2004,4,EL-EG_3,CP-EGGS,Sardina pilchardus,14
2004,7,EL-EG_3,MEGS,Trachurus trachurus,27
2004,1,EL-EG_4,CP-EGGS,Gadus morhua,9
2001,3,EL-EG_1,MEGS,Scomber,11
2001,3,EL-EG_1,MEGS,Scomber scombrus,162
2001,3,EL-EG_1,MEGS,Trachurus trachurus,57
2001,6,EL-EG_1,MEGS,Scomber scombrus,160
2001,6,EL-EG_1,MEGS,Trachurus trachurus,100
2001,2,EL-EG_2,MEGS,Scomber,2
2001,2,EL-EG_2,MEGS,Scomber scombrus,8
2001,2,EL-EG_2,MEGS,Trachurus trachurus,17
2001,5,EL-EG_2,MEGS,Scomber scombrus,167
2001,5,EL-EG_2,MEGS,Trachurus trachurus,110
2001,2,EL-EG_3,MEGS,Scomber,2
2001,2,EL-EG_3,MEGS,Scomber scombrus,10
2001,2,EL-EG_3,MEGS,Trachurus trachurus,17
2001,5,EL-EG_3,MEGS,Scomber scombrus,155
2001,5,EL-EG_3,MEGS,Trachurus trachurus,97
2001,1,EL-EG_4,MEGS,Trachurus trachurus,1
2001,4,EL-EG_4,MEGS,Scomber scombrus,210
2001,4,EL-EG_4,MEGS,Trachurus trachurus,108
2001,7,EL-EG_4,MEGS,Scomber scombrus,19
2001,7,EL-EG_4,MEGS,Trachurus trachurus,20
2001,4,EL-EG_5,MEGS,Scomber scombrus,159
2001,7,EL-EG_5,MEGS,Scomber scombrus,11
2001,1,LV,IHLS,Clupea harengus,4320
2001,2,LV,MIK,Clupea harengus,1684
2002,4,LV,RHLS,Clupea harengus,26
2002,9,LV,IHLS,Clupea harengus,4380
2002,12,LV,IHLS,Clupea harengus,1400
2003,1,LV,MIK,Clupea harengus,737
2003,5,LV,RHLS,Clupea harengus,140
2003,10,LV,IHLS,Clupea harengus,1340
2004,3,EG,CP-EGGS,Pleuronectes platessa,2
2004,3,EG,CP-EGGS,Pollachius virens,1
2004,3,EG,MEGS,Trachurus trachurus,119
2004,3,EG,CP-EGGS,Triglidae,3
2004,4,EG,MEGS,Scomber scombrus,599
2004,7,EG,MEGS,Scomber scombrus,218
2004,1,EL-EG_1,MEGS,Scomber,19
2004,1,EL-EG_1,MEGS,Trachurus trachurus,27
2004,3,EL-EG_1,CP-EGGS,Sprattus sprattus,2
2004,4,EL-EG_1,MEGS,Scomber scombrus,286
2004,4,EL-EG_1,MEGS,Trachurus trachurus,190
2004,7,EL-EG_1,MEGS,Trachurus trachurus,42
2004,2,EL-EG_1A,CP-EGGS,Gaidropsarus,25
2004,2,EL-EG_1A,CP-EGGS,Melanogrammus aeglefinus,217
2004,2,EL-EG_1A,CP-EGGS,Pleuronectes platessa,467
2004,3,EL-EG_1A,CP-EGGS,Callionymidae,1
2004,3,EL-EG_1A,CP-EGGS,Hippoglossoides platessoides,64
2004,3,EL-EG_1A,CP-EGGS,Merlangius merlangus,343
2004,3,EL-EG_1A,CP-EGGS,Pleuronectidae,1
2004,3,EL-EG_1A,CP-EGGS,Solea solea,1
2004,3,EL-EG_1A,CP-EGGS,Soleidae,1
2004,3,EL-EG_1A,CP-EGGS,Unidentified spp,1641
2004,2,EL-EG_1B,CP-EGGS,Gadus morhua,71
2004,2,EL-EG_1B,CP-EGGS,Gaidropsarus,40
2004,2,EL-EG_1B,CP-EGGS,Melanogrammus aeglefinus,77
2004,2,EL-EG_1B,CP-EGGS,Pleuronectes platessa,332
2004,3,EL-EG_1B,CP-EGGS,Hippoglossoides platessoides,135
2004,3,EL-EG_1B,CP-EGGS,Pleuronectidae,17
2004,2,EL-EG_2,CP-EGGS,Melanogrammus aeglefinus,95
2004,2,EL-EG_2,CP-EGGS,Merlangius merlangus,71
2004,2,EL-EG_2,CP-EGGS,Solea solea,4
2004,3,EL-EG_2,CP-EGGS,Gadus morhua,152
2004,3,EL-EG_2,CP-EGGS,Gaidropsarus,22
2004,3,EL-EG_2,CP-EGGS,Pleuronectidae,20
2004,3,EL-EG_2,MEGS,Scomber,10
2004,3,EL-EG_2,MEGS,Scomber scombrus,73
2004,3,EL-EG_2,MEGS,Trachurus trachurus,57
2004,6,EL-EG_2,MEGS,Trachurus trachurus,82
2004,2,EL-EG_3,CP-EGGS,Merlangius merlangus,173
2004,2,EL-EG_3,CP-EGGS,Pleuronectes platessa,520
2004,2,EL-EG_3,CP-EGGS,Solea solea,2
2004,2,EL-EG_3,CP-EGGS,Unidentified spp,616
2004,3,EL-EG_3,CP-EGGS,Gadus morhua,259
2004,3,EL-EG_3,CP-EGGS,Hippoglossoides platessoides,271
2001,1,EL-EG_3,MEGS,Scomber,3
2001,4,EL-EG_3,MEGS,Scomber scombrus,260
2001,6,EL-EG_3,MEGS,Trachurus trachurus,86
2001,3,EL-EG_4,MEGS,Scomber,5
2001,3,EL-EG_4,MEGS,Scomber scombrus,61
2001,5,EL-EG_4,MEGS,Trachurus trachurus,79
2001,3,EL-EG_5,MEGS,Scomber,2
2001,3,EL-EG_5,MEGS,Scomber scombrus,40
2001,6,EL-EG_5,MEGS,Scomber scombrus,123
2001,5,LV,RHLS,Clupea harengus,163
2002,2,LV,MIK,Clupea harengus,1356
2003,12,EL-EG_4,CP-EGGS,Unidentified spp,7
2003,1,LV,IHLS,Clupea harengus,4000
2003,2,LV,MIK,Clupea harengus,951
2003,4,LV,RHLS,Clupea harengus,70
2004,1,EG,MEGS,Trachurus trachurus,78
2004,2,EG,CP-EGGS,Unidentified spp,1
2004,3,EG,MEGS,Scomber scombrus,270
2004,3,EG,CP-EGGS,Trisopterus esmarki,2
2004,4,EG,MEGS,Trachurus trachurus,286
2004,6,EG,MEGS,Scomber scombrus,426
2004,7,EG,MEGS,Trachurus trachurus,112
2004,3,EL-EG_1,CP-EGGS,Brosme brosme,11
2004,3,EL-EG_1,CP-EGGS,Buglossidium luteum,1
2004,3,EL-EG_1,CP-EGGS,Gaidropsarus,36
2004,3,EL-EG_1,CP-EGGS,Pleuronectes platessa,10
2004,3,EL-EG_1,MEGS,Trachurus trachurus,75
2004,5,EL-EG_1,MEGS,Scomber scombrus,241
2004,6,EL-EG_1,MEGS,Trachurus trachurus,109
2004,1,EL-EG_1A,CP-EGGS,Gaidropsarus,4
2004,1,EL-EG_1A,CP-EGGS,Pleuronectes platessa,1081
2004,2,EL-EG_1A,CP-EGGS,Hippoglossoides platessoides,45
2004,2,EL-EG_1A,CP-EGGS,Pleuronectidae,6
2004,2,EL-EG_1A,CP-EGGS,Solea solea,1
2004,3,EL-EG_1A,CP-EGGS,Gadus morhua,184
2004,3,EL-EG_1A,CP-EGGS,Melanogrammus aeglefinus,654
2004,4,EL-EG_1A,CP-EGGS,Pleuronectes platessa,1
2004,1,EL-EG_1B,CP-EGGS,Pleuronectes platessa,583
2004,2,EL-EG_1B,CP-EGGS,Hippoglossoides platessoides,95
2004,2,EL-EG_1B,CP-EGGS,Pleuronectidae,48
2004,2,EL-EG_1B,CP-EGGS,Solea solea,2
2004,3,EL-EG_1B,CP-EGGS,Gadus morhua,72
2004,3,EL-EG_1B,CP-EGGS,Melanogrammus aeglefinus,186
2004,3,EL-EG_1B,CP-EGGS,Merlangius merlangus,82
2004,3,EL-EG_1B,CP-EGGS,Phrynorhombus norvegicus,1
2004,3,EL-EG_1B,CP-EGGS,Triglidae,1
2004,3,EL-EG_1B,CP-EGGS,Unidentified spp,887
2004,4,EL-EG_1B,CP-EGGS,Sprattus sprattus,36
2004,1,EL-EG_2,CP-EGGS,Triglidae,30
2004,2,EL-EG_2,CP-EGGS,Gaidropsarus,10
2004,2,EL-EG_2,CP-EGGS,Pleuronectes platessa,334
2004,2,EL-EG_2,CP-EGGS,Sardina pilchardus,2
2004,2,EL-EG_2,MEGS,Trachurus trachurus,10
2004,3,EL-EG_2,CP-EGGS,Hippoglossoides platessoides,164
2004,3,EL-EG_2,CP-EGGS,Melanogrammus aeglefinus,397
2004,3,EL-EG_2,CP-EGGS,Merlangius merlangus,146
2004,3,EL-EG_2,CP-EGGS,Unidentified spp,873
2004,4,EL-EG_2,MEGS,Scomber scombrus,236
2004,4,EL-EG_2,CP-EGGS,Sprattus sprattus,35
2004,5,EL-EG_2,MEGS,Trachurus trachurus,116
2004,7,EL-EG_2,MEGS,Scomber scombrus,42
2004,1,EL-EG_3,CP-EGGS,Solea solea,6
2004,2,EL-EG_3,CP-EGGS,Gaidropsarus,7
2004,2,EL-EG_3,CP-EGGS,Pleuronectidae,18
2004,2,EL-EG_3,CP-EGGS,Sardina pilchardus,3
2004,2,EL-EG_3,MEGS,Trachurus trachurus,2
2004,3,EL-EG_3,CP-EGGS,Callionymidae,2
2004,3,EL-EG_3,CP-EGGS,Melanogrammus aeglefinus,700
2004,3,EL-EG_3,CP-EGGS,Merlangius merlangus,325
2004,3,EL-EG_3,CP-EGGS,Unidentified spp,1333
2004,4,EL-EG_3,MEGS,Scomber scombrus,273
2004,4,EL-EG_3,CP-EGGS,Sprattus sprattus,28
2004,5,EL-EG_3,MEGS,Trachurus trachurus,116
2002,5,LV,RHLS,Clupea harengus,149
2002,10,LV,IHLS,Clupea harengus,840
2003,12,EL-EG_1A,CP-EGGS,Pleuronectes platessa,45
2003,12,EL-EG_1B,CP-EGGS,Pleuronectes platessa,43
2003,12,EL-EG_2,CP-EGGS,Pleuronectes platessa,22
2003,12,EL-EG_2,CP-EGGS,Unidentified spp,23
2003,12,EL-EG_3,CP-EGGS,Pleuronectes platessa,32
2003,12,EL-EG_3,CP-EGGS,Unidentified spp,35
2003,12,EL-EG_U,CP-EGGS,Unidentified spp,108
2003,12,LV,IHLS,Clupea harengus,1540
2004,1,EG,CP-EGGS,Pleuronectes platessa,18
2004,1,EG,CP-EGGS,Unidentified spp,1
2004,2,EG,MEGS,Scomber scombrus,25
2004,2,EG,MEGS,Trachurus trachurus,26
2004,5,EG,MEGS,Scomber scombrus,847
2004,5,EG,MEGS,Trachurus trachurus,433
2004,2,EL-EG_1,MEGS,Scomber,9
2004,2,EL-EG_1,MEGS,Trachurus trachurus,12
2004,3,EL-EG_1,CP-EGGS,Ammodytidae,28
2004,3,EL-EG_1,CP-EGGS,Callionymidae,40
2004,3,EL-EG_1,CP-EGGS,Hippoglossoides platessoides,304
2004,3,EL-EG_1,CP-EGGS,Maurolicus muelleri,7
2004,3,EL-EG_1,MEGS,Scomber scombrus,109
2004,6,EL-EG_1,MEGS,Scomber scombrus,219
2004,1,EL-EG_1A,CP-EGGS,Gadus morhua,25
2004,1,EL-EG_1A,CP-EGGS,Merlangius merlangus,36
2004,1,EL-EG_1A,CP-EGGS,Solea solea,5
2004,1,EL-EG_1A,CP-EGGS,Triglidae,5
2004,1,EL-EG_1A,CP-EGGS,Unidentified spp,1322
2004,4,EL-EG_1A,CP-EGGS,Sprattus sprattus,37
2004,1,EL-EG_1B,CP-EGGS,Gadus morhua,10
2004,1,EL-EG_1B,CP-EGGS,Merlangius merlangus,4
2004,1,EL-EG_1B,CP-EGGS,Solea solea,2
2004,1,EL-EG_1B,CP-EGGS,Unidentified spp,545
2004,1,EL-EG_2,CP-EGGS,Gadus morhua,11
2004,1,EL-EG_2,CP-EGGS,Merlangius merlangus,6
2004,1,EL-EG_2,CP-EGGS,Pleuronectes platessa,755
2004,1,EL-EG_2,MEGS,Scomber,17
2004,1,EL-EG_2,CP-EGGS,Solea solea,1
2004,1,EL-EG_2,MEGS,Trachurus trachurus,24
2004,1,EL-EG_2,CP-EGGS,Unidentified spp,353
2004,2,EL-EG_2,CP-EGGS,Hippoglossoides platessoides,89
2004,2,EL-EG_2,CP-EGGS,Pleuronectidae,9
2004,5,EL-EG_2,MEGS,Scomber scombrus,198
2004,1,EL-EG_3,CP-EGGS,Gadus morhua,5
2004,1,EL-EG_3,CP-EGGS,Pleuronectes platessa,701
2004,1,EL-EG_3,MEGS,Scomber,1
2004,1,EL-EG_3,MEGS,Trachurus trachurus,12
2004,1,EL-EG_3,CP-EGGS,Triglidae,40
2004,1,EL-EG_3,CP-EGGS,Unidentified spp,504
2004,2,EL-EG_3,CP-EGGS,Hippoglossoides platessoides,126
2004,4,EL-EG_3,CP-EGGS,Pleuronectes platessa,3
2004,4,EL-EG_3,MEGS,Trachurus trachurus,174
2004,5,EL-EG_3,MEGS,Scomber scombrus,212
2004,3,EL-EG_4,CP-EGGS,Gadus morhua,123
2004,3,EL-EG_4,CP-EGGS,Gaidropsarus,12
2004,3,EL-EG_4,CP-EGGS,Melanogrammus aeglefinus,710
2004,3,EL-EG_4,CP-EGGS,Merlangius merlangus,163
2004,3,EL-EG_4,CP-EGGS,Pleuronectes platessa,553
2004,3,EL-EG_4,MEGS,Scomber,5
2004,3,EL-EG_4,MEGS,Trachurus trachurus,42
2004,3,EL-EG_4,CP-EGGS,Unidentified spp,1167
2004,4,EL-EG_4,MEGS,Scomber scombrus,232
2004,7,EL-EG_4,MEGS,Scomber scombrus,46
2004,3,EL-EG_5,CP-EGGS,Gadus morhua,159
2004,3,EL-EG_5,CP-EGGS,Melanogrammus aeglefinus,953
2004,3,EL-EG_5,CP-EGGS,Pleuronectes platessa,580
2004,3,EL-EG_5,MEGS,Scomber scombrus,51
2004,3,EL-EG_5,CP-EGGS,Unidentified spp,368
2004,7,EL-EG_5,MEGS,Scomber scombrus,29
2004,2,EL-EG_U,CP-EGGS,Argentina sphyraena,4
2004,2,EL-EG_U,CP-EGGS,Callionymidae,23
2004,2,EL-EG_U,CP-EGGS,Phrynorhombus norvegicus,12
2004,3,EL-EG_U,CP-EGGS,Melanogrammus aeglefinus,3
2004,7,EL-EG_3,MEGS,Scomber scombrus,49
2004,1,EL-EG_4,MEGS,Trachurus trachurus,15
2004,2,EL-EG_4,CP-EGGS,Melanogrammus aeglefinus,182
2004,2,EL-EG_4,CP-EGGS,Merlangius merlangus,57
2004,2,EL-EG_4,CP-EGGS,Unidentified spp,278
2004,3,EL-EG_4,CP-EGGS,Ammodytidae,3
2004,3,EL-EG_4,MEGS,Scomber scombrus,63
2004,3,EL-EG_4,CP-EGGS,Triglidae,1
2004,4,EL-EG_4,CP-EGGS,Pleuronectes platessa,3
2004,4,EL-EG_4,CP-EGGS,Sardina pilchardus,13
2004,4,EL-EG_4,MEGS,Trachurus trachurus,116
2004,6,EL-EG_4,MEGS,Scomber scombrus,145
2004,7,EL-EG_4,MEGS,Trachurus trachurus,21
2004,2,EL-EG_5,CP-EGGS,Gadus morhua,152
2004,2,EL-EG_5,CP-EGGS,Melanogrammus aeglefinus,160
2004,2,EL-EG_5,CP-EGGS,Merlangius merlangus,7
2004,2,EL-EG_5,MEGS,Scomber,1
2004,2,EL-EG_5,CP-EGGS,Unidentified spp,142
2004,3,EL-EG_5,CP-EGGS,Ammodytidae,1
2004,4,EL-EG_5,CP-EGGS,Sardina pilchardus,6
2004,6,EL-EG_5,MEGS,Scomber scombrus,127
2004,2,EL-EG_U,CP-EGGS,Hippoglossoides platessoides,28
2004,2,EL-EG_U,CP-EGGS,Pleuronectidae,1
2004,2,EL-EG_U,CP-EGGS,Zeugopterus punctatus,1
2004,3,EL-EG_U,CP-EGGS,Argentina sphyraena,1
2004,3,EL-EG_U,CP-EGGS,Phrynorhombus norvegicus,3
2004,3,EL-EG_U,CP-EGGS,Triglidae,50
2004,2,JV,CP-EGGS,Ammodytidae,2
2004,2,JV,CP-EGGS,Pleuronectes platessa,1
2004,2,JV,CP-EGGS,Sprattus sprattus,1
2004,4,JV,CP-EGGS,Myoxocephalus scorpius,1
2004,1,LV,CP-EGGS,Clupea harengus,375
2004,1,LV,IHLS,Clupea harengus,3820
2004,2,LV,CP-EGGS,Agonus cataphractus,6
2004,2,LV,CP-EGGS,Ammodytidae,217
2004,2,LV,MIK,Clupea harengus,982
2004,2,LV,CP-EGGS,Gadidae,5
2004,2,LV,CP-EGGS,Gobiidae,46
2004,2,LV,CP-EGGS,Liparis,9
2004,2,LV,CP-EGGS,Liparis liparis,1
2004,2,LV,CP-EGGS,Microstomus kitt,4
2004,2,LV,CP-EGGS,Unidentified spp,16
2004,3,LV,CP-EGGS,Chirolophis ascanii,1
2004,3,LV,CP-EGGS,Gaidropsarus,3
2004,3,LV,CP-EGGS,Glyptocephalus cynoglossus,10
2004,3,LV,CP-EGGS,Limanda limanda,37
2004,3,LV,CP-EGGS,Pleuronectidae,104
2004,3,LV,CP-EGGS,Sardina pilchardus,6
2004,3,LV,CP-EGGS,Scophthalmus rhombus,3
2004,3,LV,CP-EGGS,Trisopterus esmarki,244
2004,3,LV,CP-EGGS,Trisopterus luscus,1
2004,4,LV,CP-EGGS,Clupea harengus,14
2004,4,LV,RHLS,Clupea harengus,35
2004,4,LV,CP-EGGS,Clupeidae,13
2004,4,LV,CP-EGGS,Cyclopterus lumpus,1
2004,5,LV,GORL,Nerophis ophidion,9
2004,5,LV,GORL,Percidae,9
2004,6,LV,GORL,Ammodytes tobianus,31
2004,6,LV,GORL,Pomatoschistus,31
2004,7,LV,GORL,Osmerus eperlanus,26
2004,8,LV,GORL,Clupea harengus,12
2004,8,LV,GORL,Nerophis ophidion,12
2004,8,LV,GORL,Percidae,12
2005,1,LV,IHLS,Clupea harengus,4260
2005,2,LV,MIK,Clupea harengus,1597
2005,5,LV,GORL,Nerophis ophidion,18
2005,5,LV,GORL,Percidae,18
2005,6,LV,GORL,Ammodytes tobianus,33
2005,7,LV,GORL,Osmerus eperlanus,36
2005,8,LV,GORL,Nerophis ophidion,24
2005,8,LV,GORL,Percidae,24
2006,1,LV,IHLS,Clupea harengus,3700
2006,4,LV,RHLS,Clupea harengus,35
2006,5,LV,GORL,Nerophis ophidion,13
2006,5,LV,GORL,Pomatoschistus,13
2006,6,LV,GORL,Ammodytes tobianus,18
2006,7,LV,GORL,Clupea harengus,17
2004,3,EL-EG_3,CP-EGGS,Pleuronectidae,24
2004,3,EL-EG_3,MEGS,Scomber,3
2004,3,EL-EG_3,MEGS,Scomber scombrus,90
2004,3,EL-EG_3,MEGS,Trachurus trachurus,55
2004,3,EL-EG_3,CP-EGGS,Triglidae,2
2004,6,EL-EG_3,MEGS,Scomber scombrus,175
2004,6,EL-EG_3,MEGS,Trachurus trachurus,70
2004,1,EL-EG_4,CP-EGGS,Merlangius merlangus,16
2004,1,EL-EG_4,CP-EGGS,Pleuronectes platessa,337
2004,1,EL-EG_4,CP-EGGS,Unidentified spp,239
2004,2,EL-EG_4,CP-EGGS,Gadus morhua,72
2004,2,EL-EG_4,CP-EGGS,Hippoglossoides platessoides,41
2004,2,EL-EG_4,CP-EGGS,Pleuronectidae,2
2004,2,EL-EG_4,MEGS,Scomber,3
2004,2,EL-EG_4,MEGS,Trachurus trachurus,2
2004,4,EL-EG_4,CP-EGGS,Sprattus sprattus,35
2004,5,EL-EG_4,MEGS,Scomber scombrus,180
2004,5,EL-EG_4,MEGS,Trachurus trachurus,82
2004,1,EL-EG_5,CP-EGGS,Merlangius merlangus,1
2004,1,EL-EG_5,CP-EGGS,Pleuronectes platessa,322
2004,1,EL-EG_5,CP-EGGS,Unidentified spp,54
2004,2,EL-EG_5,CP-EGGS,Hippoglossoides platessoides,7
2004,2,EL-EG_5,CP-EGGS,Pleuronectidae,2
2004,4,EL-EG_5,CP-EGGS,Pleuronectes platessa,7
2004,5,EL-EG_5,MEGS,Scomber scombrus,144
2004,2,EL-EG_U,CP-EGGS,Buglossidium luteum,2
2004,2,EL-EG_U,CP-EGGS,Gadus morhua,3
2004,2,EL-EG_U,CP-EGGS,Gaidropsarus,24
2004,2,EL-EG_U,CP-EGGS,Pleuronectes platessa,11
2004,2,EL-EG_U,CP-EGGS,Unidentified spp,3175
2004,3,EL-EG_U,CP-EGGS,Callionymidae,33
2004,3,EL-EG_U,CP-EGGS,Hippoglossoides platessoides,75
2004,3,EL-EG_U,CP-EGGS,Molva molva,3
2004,2,EL-LV_1,CP-EGGS,Nephrops norvegicus,7
2004,2,JV,CP-EGGS,Limanda limanda,3
2004,2,LV,CP-EGGS,Gadus morhua,36
2004,2,LV,CP-EGGS,Gaidropsarus,1
2004,2,LV,CP-EGGS,Glyptocephalus cynoglossus,1
2004,2,LV,CP-EGGS,Limanda limanda,42
2004,2,LV,CP-EGGS,Melanogrammus aeglefinus,22
2004,2,LV,CP-EGGS,Merlangius merlangus,30
2004,2,LV,CP-EGGS,Myoxocephalus scorpius,4
2004,2,LV,CP-EGGS,Pleuronectes platessa,19
2004,2,LV,CP-EGGS,Sprattus sprattus,8
2004,3,LV,CP-EGGS,Ammodytidae,576
2004,3,LV,CP-EGGS,Anarhichas lupus,1
2004,3,LV,CP-EGGS,Callionymidae,3
2004,3,LV,CP-EGGS,Clupea harengus,8
2004,3,LV,CP-EGGS,Clupeidae,4
2004,3,LV,CP-EGGS,Gadidae,10
2004,3,LV,CP-EGGS,Hippoglossoides platessoides,81
2004,3,LV,CP-EGGS,Liparis,2
2004,3,LV,CP-EGGS,Micromesistius poutassou,5
2004,4,LV,CP-EGGS,Platichthys flesus,27
2004,4,LV,CP-EGGS,Sardina pilchardus,1
2004,5,LV,GORL,Clupea harengus,9
2004,5,LV,GORL,Osmerus eperlanus,9
2004,5,LV,GORL,Pomatoschistus,9
2004,7,LV,GORL,Ammodytes tobianus,26
2004,7,LV,GORL,Percidae,26
2004,8,LV,GORL,Osmerus eperlanus,12
2004,8,LV,GORL,Pomatoschistus,12
2005,1,LV,MIK,Clupea harengus,470
2005,5,LV,GORL,Ammodytes tobianus,18
2005,5,LV,RHLS,Clupea harengus,167
2005,6,LV,GORL,Nerophis ophidion,33
2005,6,LV,GORL,Osmerus eperlanus,33
2005,6,LV,GORL,Pomatoschistus,33
2005,7,LV,GORL,Clupea harengus,36
2005,8,LV,GORL,Ammodytes tobianus,24
2006,2,LV,MIK,Clupea harengus,1082
2006,5,LV,GORL,Clupea harengus,13
2006,6,LV,RHLS,Clupea harengus,140
2006,7,LV,GORL,Nerophis ophidion,17
2006,7,LV,GORL,Percidae,17
2006,8,LV,GORL,Clupea harengus,16
2004,1,EL-EG_4,CP-EGGS,Triglidae,15
2004,2,EL-EG_4,CP-EGGS,Gaidropsarus,2
2004,2,EL-EG_4,CP-EGGS,Pleuronectes platessa,379
2004,3,EL-EG_4,CP-EGGS,Hippoglossoides platessoides,82
2004,3,EL-EG_4,CP-EGGS,Pleuronectidae,6
2004,6,EL-EG_4,MEGS,Trachurus trachurus,59
2004,1,EL-EG_5,CP-EGGS,Gadus morhua,12
2004,1,EL-EG_5,CP-EGGS,Triglidae,2
2004,2,EL-EG_5,CP-EGGS,Gaidropsarus,1
2004,2,EL-EG_5,CP-EGGS,Pleuronectes platessa,334
2004,3,EL-EG_5,CP-EGGS,Hippoglossoides platessoides,18
2004,3,EL-EG_5,CP-EGGS,Merlangius merlangus,114
2004,3,EL-EG_5,CP-EGGS,Pleuronectidae,3
2004,4,EL-EG_5,MEGS,Scomber scombrus,202
2004,4,EL-EG_5,CP-EGGS,Sprattus sprattus,25
2004,1,EL-EG_U,CP-EGGS,Unidentified spp,2285
2004,2,EL-EG_U,CP-EGGS,Ammodytidae,2
2004,2,EL-EG_U,CP-EGGS,Sprattus sprattus,24
2004,2,EL-EG_U,CP-EGGS,Triglidae,19
2004,3,EL-EG_U,CP-EGGS,Gaidropsarus,19
2004,3,EL-EG_U,CP-EGGS,Pleuronectes platessa,1
2004,3,EL-LV_1,CP-EGGS,Nephrops norvegicus,11
2004,2,LV,CP-EGGS,Callionymidae,1
2004,2,LV,CP-EGGS,Clupea harengus,19
2004,2,LV,CP-EGGS,Hippoglossoides platessoides,1
2004,2,LV,CP-EGGS,Pleuronectidae,1
2004,3,LV,CP-EGGS,Argentina silus,4
2004,3,LV,CP-EGGS,Gadus morhua,117
2004,3,LV,CP-EGGS,Gobiidae,76
2004,3,LV,CP-EGGS,Melanogrammus aeglefinus,219
2004,3,LV,CP-EGGS,Merlangius merlangus,10
2004,3,LV,CP-EGGS,Pollachius virens,350
2004,3,LV,CP-EGGS,Scophthalmus maximus,3
2004,3,LV,CP-EGGS,Unidentified spp,145
2004,4,LV,CP-EGGS,Agonus cataphractus,1
2004,4,LV,CP-EGGS,Gaidropsarus,10
2004,4,LV,CP-EGGS,Liparis,4
2004,4,LV,CP-EGGS,Microstomus kitt,1
2004,6,LV,GORL,Clupea harengus,31
2004,6,LV,RHLS,Clupea harengus,175
2004,6,LV,GORL,Osmerus eperlanus,31
2004,7,LV,GORL,Nerophis ophidion,26
2004,7,LV,GORL,Pomatoschistus,26
2004,8,LV,GORL,Ammodytes tobianus,12
2004,9,LV,IHLS,Clupea harengus,4320
2004,12,LV,IHLS,Clupea harengus,1520
2005,3,LV,MIK,Clupea harengus,161
2005,6,LV,GORL,Clupea harengus,33
2005,6,LV,GORL,Percidae,33
2005,7,LV,GORL,Pomatoschistus,36
2005,9,LV,IHLS,Clupea harengus,5080
2005,12,LV,IHLS,Clupea harengus,1520
2006,5,LV,RHLS,Clupea harengus,175
2006,5,LV,GORL,Osmerus eperlanus,13
2006,6,LV,GORL,Clupea harengus,18
2006,6,LV,GORL,Nerophis ophidion,18
2006,6,LV,GORL,Percidae,18
2006,7,LV,GORL,Ammodytes tobianus,17
2006,7,LV,GORL,Pomatoschistus,17
2006,9,LV,IHLS,Clupea harengus,6120
2006,12,LV,IHLS,Clupea harengus,1540
2007,4,EG,MEGS,Scomber scombrus,969
2007,5,EG,MEGS,Trachurus trachurus,466
2007,3,EL-EG_1,MEGS,Scomber scombrus,169
2007,4,EL-EG_1,MEGS,Trachurus trachurus,181
2007,6,EL-EG_1,MEGS,Scomber scombrus,276
2007,7,EL-EG_1,MEGS,Trachurus trachurus,60
2007,3,EL-EG_2,MEGS,Trachurus trachurus,49
2007,5,EL-EG_2,MEGS,Scomber scombrus,253
2007,6,EL-EG_2,MEGS,Trachurus trachurus,150
2007,3,EL-EG_3,MEGS,Trachurus trachurus,53
2007,5,EL-EG_3,MEGS,Scomber scombrus,260
2007,6,EL-EG_3,MEGS,Trachurus trachurus,152
2007,4,EL-EG_4,MEGS,Scomber scombrus,225
2007,5,EL-EG_4,MEGS,Trachurus trachurus,133
2007,7,EL-EG_4,MEGS,Scomber scombrus,43
2006,8,LV,GORL,Osmerus eperlanus,16
2006,8,LV,GORL,Pomatoschistus,16
2007,4,EG,MEGS,Trachurus trachurus,405
2007,5,EG,MEGS,Scomber scombrus,1131
2007,2,EL-EG_1,MEGS,Scomber,17
2007,5,EL-EG_1,MEGS,Scomber scombrus,286
2007,5,EL-EG_1,MEGS,Trachurus trachurus,172
2007,4,EL-EG_2,MEGS,Scomber scombrus,241
2007,4,EL-EG_2,MEGS,Trachurus trachurus,161
2007,7,EL-EG_2,MEGS,Trachurus trachurus,50
2007,4,EL-EG_3,MEGS,Scomber scombrus,264
2007,4,EL-EG_3,MEGS,Trachurus trachurus,170
2007,7,EL-EG_3,MEGS,Scomber scombrus,45
2007,7,EL-EG_3,MEGS,Trachurus trachurus,61
2007,3,EL-EG_4,MEGS,Scomber scombrus,94
2007,3,EL-EG_4,MEGS,Trachurus trachurus,47
2007,6,EL-EG_4,MEGS,Scomber scombrus,213
2007,6,EL-EG_4,MEGS,Trachurus trachurus,132
2007,3,EL-EG_5,MEGS,Scomber scombrus,55
2007,6,EL-EG_5,MEGS,Scomber scombrus,207
2007,3,EL-LV_LC,EEL,Anguilla rostrata,1
2007,4,LV,RHLS,Clupea harengus,182
2007,5,LV,GORL,Ammodytes tobianus,30
2007,5,LV,GORL,Percidae,30
2007,6,LV,GORL,Clupea harengus,31
2007,6,LV,GORL,Osmerus eperlanus,31
2007,6,LV,GORL,Pomatoschistus,31
2007,8,LV,GORL,Ammodytes tobianus,17
2008,12,EG,CP-EGGS,Hippoglossoides platessoides,22
2008,12,EG,CP-EGGS,Pleuronectes platessa,142
2008,12,EG,CP-EGGS,Unidentified spp,44
2008,12,EL-EG_1,CP-EGGS,Pleuronectes platessa,2
2008,12,EL-EG_1,CP-EGGS,Unidentified spp,2
2008,12,EL-EG_2,CP-EGGS,Hippoglossoides platessoides,2
2008,12,EL-EG_3,CP-EGGS,Gadidae,14
2008,12,EL-EG_3,CP-EGGS,Hippoglossoides platessoides,5
2008,1,LV,IHLS,Clupea harengus,2080
2008,2,LV,MIK,Clupea harengus,1130
2008,6,LV,GORL,Ammodytes tobianus,34
2008,6,LV,RHLS,Clupea harengus,101
2008,7,LV,GORL,Nerophis ophidion,27
2008,7,LV,GORL,Osmerus eperlanus,27
2008,7,LV,GORL,Percidae,27
2008,7,LV,GORL,Pomatoschistus,27
2009,1,EG,CP-EGGS,Gadus morhua,273
2009,2,EG,CP-EGGS,Trigla lucerna,5
2009,2,EG,CP-EGGS,Trisopterus esmarkii,295
2009,3,EG,CP-EGGS,Melanogrammus aeglefinus,181
2009,3,EG,CP-EGGS,Merlangius merlangus,29
2009,1,EL-EG_1,CP-EGGS,Merlangius merlangus,2
2009,1,EL-EG_1,CP-EGGS,Pleuronectes platessa,26
2009,1,EL-EG_1,CP-EGGS,Unidentified spp,32
2009,2,EL-EG_1,CP-EGGS,Gadidae,1
2009,2,EL-EG_1,CP-EGGS,Hippoglossoides platessoides,2
2009,1,EL-EG_2,CP-EGGS,Gadidae,491
2009,1,EL-EG_2,CP-EGGS,Hippoglossoides platessoides,7
2009,3,EL-EG_2,CP-EGGS,Pleuronectes platessa,15
2009,1,EL-EG_3,CP-EGGS,Gadidae,748
2009,1,EL-EG_3,CP-EGGS,Hippoglossoides platessoides,23
2009,2,EL-EG_3,CP-EGGS,Callionymus,1
2009,2,EL-EG_3,CP-EGGS,Trisopterus esmarkii,2
2009,3,EL-EG_3,CP-EGGS,Pleuronectes platessa,25
2009,2,EL-EG_4,CP-EGGS,Melanogrammus aeglefinus,4
2009,2,EL-EG_4,CP-EGGS,Merlangius merlangus,123
2009,2,EL-EG_4,CP-EGGS,Pleuronectes platessa,525
2009,2,EL-EG_4,CP-EGGS,Unidentified spp,229
2009,3,EL-EG_4,CP-EGGS,Gadidae,9
2009,2,EL-EG_5,CP-EGGS,Gadus morhua,95
2009,2,EL-EG_5,CP-EGGS,Melanogrammus aeglefinus,20
2009,2,EL-EG_5,CP-EGGS,Pleuronectes platessa,362
2009,2,EL-EG_5,CP-EGGS,Unidentified spp,61
2009,1,LV,CP-EGGS,Crystallogobius linearis,2
2009,2,LV,CP-EGGS,Ammodytes,7
2009,2,LV,CP-EGGS,Liparis liparis,1
2006,7,LV,GORL,Osmerus eperlanus,17
2006,8,LV,GORL,Nerophis ophidion,16
2006,8,LV,GORL,Percidae,16
2007,2,EG,MEGS,Scomber scombrus,31
2007,6,EL-EG_1,MEGS,Trachurus trachurus,181
2007,3,EL-EG_2,MEGS,Scomber,2
2007,5,EL-EG_2,MEGS,Trachurus trachurus,151
2007,7,EL-EG_2,MEGS,Scomber scombrus,39
2007,3,EL-EG_3,MEGS,Scomber scombrus,129
2007,2,EL-EG_4,MEGS,Scomber,2
2007,7,EL-EG_4,MEGS,Trachurus trachurus,50
2007,5,EL-EG_5,MEGS,Scomber scombrus,223
2007,1,LV,MIK,Clupea harengus,632
2007,5,LV,GORL,Nerophis ophidion,30
2007,5,LV,GORL,Pomatoschistus,30
2007,7,LV,GORL,Clupea harengus,35
2007,7,LV,GORL,Osmerus eperlanus,35
2007,8,LV,GORL,Nerophis ophidion,17
2007,8,LV,GORL,Percidae,17
2007,8,LV,GORL,Pomatoschistus,17
2008,12,EG,CP-EGGS,Gadidae,263
2008,12,EL-EG_2,CP-EGGS,Unidentified spp,2
2008,12,EL-EG_3,CP-EGGS,Unidentified spp,8
2008,12,EL-EG_4,CP-EGGS,Gadidae,24
2008,12,EL-EG_5,CP-EGGS,Gadidae,43
2008,12,EL-EG_5,CP-EGGS,Pleuronectes platessa,42
2008,1,LV,MIK,Clupea harengus,475
2008,3,LV,RHLS,Clupea harengus,69
2008,5,LV,GORL,Ammodytes tobianus,29
2008,5,LV,GORL,Pomatoschistus,29
2008,7,LV,GORL,Clupea harengus,27
2009,1,EG,CP-EGGS,Merlangius merlangus,434
2009,1,EG,CP-EGGS,Unidentified spp,1288
2009,2,EG,CP-EGGS,Callionymus,1
2009,2,EG,CP-EGGS,Gadidae,1240
2009,2,EG,CP-EGGS,Gadus morhua,764
2009,3,EG,CP-EGGS,Pleuronectes platessa,14
2009,3,EG,CP-EGGS,Trisopterus esmarkii,40
2009,1,EL-EG_1,CP-EGGS,Gadidae,114
2009,1,EL-EG_1,CP-EGGS,Gadus morhua,1
2009,2,EL-EG_1,CP-EGGS,Pleuronectes platessa,14
2009,1,EL-EG_2,CP-EGGS,Pleuronectes platessa,366
2009,2,EL-EG_2,CP-EGGS,Hippoglossoides platessoides,21
2009,2,EL-EG_2,CP-EGGS,Merlangius merlangus,127
2009,2,EL-EG_2,CP-EGGS,Unidentified spp,55
2009,2,EL-EG_3,CP-EGGS,Melanogrammus aeglefinus,3
2009,2,EL-EG_3,CP-EGGS,Merlangius merlangus,112
2009,2,EL-EG_3,CP-EGGS,Unidentified spp,456
2009,3,EL-EG_3,CP-EGGS,Gadidae,10
2009,1,EL-EG_4,CP-EGGS,Merlangius merlangus,137
2009,1,EL-EG_4,CP-EGGS,Unidentified spp,29
2009,2,EL-EG_4,CP-EGGS,Gadidae,169
2009,2,EL-EG_4,CP-EGGS,Gadus morhua,191
2009,3,EL-EG_4,CP-EGGS,Pleuronectes platessa,23
2009,1,EL-EG_5,CP-EGGS,Gadus morhua,34
2009,1,EL-EG_5,CP-EGGS,Merlangius merlangus,7
2009,1,EL-EG_5,CP-EGGS,Unidentified spp,4
2009,2,EL-EG_5,CP-EGGS,Gadidae,52
2009,1,LV,MIK,Clupea harengus,928
2009,1,LV,CP-EGGS,Liparis liparis,4
2009,2,LV,CP-EGGS,Aphia minuta,36
2009,2,LV,CP-EGGS,Chirolophis ascanii,5
2009,2,LV,CP-EGGS,Gobius niger,1
2009,2,LV,CP-EGGS,Gymnammodytes semisquamatus,3
2009,2,LV,CP-EGGS,Limanda limanda,53
2009,2,LV,CP-EGGS,Pomatoschistus pictus,1
2009,2,LV,CP-EGGS,Syngnathus typhle,1
2009,3,LV,CP-EGGS,Ammodytes marinus,188
2009,3,LV,CP-EGGS,Clupea harengus,10
2009,3,LV,RHLS,Clupea harengus,63
2009,5,LV,GORL,Ammodytes tobianus,20
2009,5,LV,GORL,Pomatoschistus,20
2009,6,LV,RHLS,Clupea harengus,161
2009,6,LV,GORL,Osmerus eperlanus,34
2009,7,LV,GORL,Clupea harengus,40
2009,7,LV,GORL,Percidae,40
2010,2,EG,MEGS,Scomber scombrus,72
2010,3,EG,MEGS,Trachurus trachurus,41
2004,3,EL-EG_U,CP-EGGS,Sprattus sprattus,17
2004,3,EL-EG_U,CP-EGGS,Unidentified spp,5109
2004,3,EL-LV_2,CP-EGGS,Nephrops norvegicus,2
2004,2,JV,CP-EGGS,Gobiidae,3
2004,1,LV,MIK,Clupea harengus,612
2004,2,LV,CP-EGGS,Chirolophis ascanii,3
2004,2,LV,CP-EGGS,Cottidae,2
2004,2,LV,CP-EGGS,Platichthys flesus,17
2004,3,LV,CP-EGGS,Agonus cataphractus,1
2004,3,LV,CP-EGGS,Ciliata mustela,3
2004,3,LV,CP-EGGS,Myoxocephalus scorpius,2
2004,3,LV,CP-EGGS,Pleuronectes platessa,87
2004,3,LV,CP-EGGS,Sprattus sprattus,6
2004,4,LV,CP-EGGS,Ammodytidae,35
2004,4,LV,CP-EGGS,Gadus morhua,5
2004,4,LV,CP-EGGS,Limanda limanda,32
2004,4,LV,CP-EGGS,Merlangius merlangus,29
2004,4,LV,CP-EGGS,Pollachius pollachius,6
2004,4,LV,CP-EGGS,Solea solea,1
2004,5,LV,GORL,Ammodytes tobianus,9
2004,5,LV,RHLS,Clupea harengus,140
2004,6,LV,GORL,Nerophis ophidion,31
2004,6,LV,GORL,Percidae,31
2004,7,LV,GORL,Clupea harengus,26
2005,5,LV,GORL,Clupea harengus,18
2005,5,LV,GORL,Osmerus eperlanus,18
2005,5,LV,GORL,Pomatoschistus,18
2005,6,LV,RHLS,Clupea harengus,148
2005,7,LV,GORL,Ammodytes tobianus,36
2005,7,LV,GORL,Nerophis ophidion,36
2005,7,LV,GORL,Percidae,36
2005,8,LV,GORL,Clupea harengus,23
2005,8,LV,GORL,Osmerus eperlanus,24
2005,8,LV,GORL,Pomatoschistus,24
2006,1,LV,MIK,Clupea harengus,953
2006,5,LV,GORL,Ammodytes tobianus,13
2006,5,LV,GORL,Percidae,13
2006,6,LV,GORL,Osmerus eperlanus,18
2006,6,LV,GORL,Pomatoschistus,18
2006,8,LV,GORL,Ammodytes tobianus,16
2007,3,EG,MEGS,Scomber scombrus,115
2007,3,EG,MEGS,Trachurus trachurus,3
2007,6,EG,MEGS,Scomber scombrus,1108
2007,6,EG,MEGS,Trachurus trachurus,573
2007,3,EL-EG_1,MEGS,Scomber,4
2007,3,EL-EG_1,MEGS,Trachurus trachurus,68
2007,4,EL-EG_1,MEGS,Scomber scombrus,283
2007,7,EL-EG_1,MEGS,Scomber scombrus,42
2007,2,EL-EG_2,MEGS,Scomber,6
2007,3,EL-EG_2,MEGS,Scomber scombrus,111
2007,6,EL-EG_2,MEGS,Scomber scombrus,218
2007,2,EL-EG_3,MEGS,Scomber,6
2007,5,EL-EG_3,MEGS,Trachurus trachurus,153
2007,6,EL-EG_3,MEGS,Scomber scombrus,243
2007,4,EL-EG_4,MEGS,Trachurus trachurus,124
2007,5,EL-EG_4,MEGS,Scomber scombrus,237
2007,4,EL-LV_LC,EEL,Anguilla,110
2007,1,LV,IHLS,Clupea harengus,1920
2007,2,LV,MIK,Clupea harengus,601
2007,3,LV,RHLS,Clupea harengus,35
2007,5,LV,GORL,Clupea harengus,30
2007,6,LV,GORL,Ammodytes tobianus,31
2007,6,LV,RHLS,Clupea harengus,147
2007,7,LV,GORL,Nerophis ophidion,35
2007,7,LV,GORL,Percidae,35
2007,8,LV,GORL,Clupea harengus,17
2008,12,EL-EG_1,CP-EGGS,Gadidae,3
2008,12,EL-EG_4,CP-EGGS,Pleuronectes platessa,37
2008,12,EL-EG_4,CP-EGGS,Unidentified spp,6
2008,4,LV,RHLS,Clupea harengus,203
2008,5,LV,GORL,Nerophis ophidion,29
2008,5,LV,GORL,Percidae,29
2008,6,LV,GORL,Clupea harengus,34
2008,6,LV,GORL,Osmerus eperlanus,34
2008,6,LV,GORL,Pomatoschistus,34
2008,9,LV,IHLS,Clupea harengus,5980
2009,2,EG,CP-EGGS,Hippoglossoides platessoides,102
2009,2,EG,CP-EGGS,Merlangius merlangus,343
2009,2,EG,CP-EGGS,Pleuronectes platessa,1193
2007,4,EL-EG_5,MEGS,Scomber scombrus,181
2007,7,EL-EG_5,MEGS,Scomber scombrus,37
2007,4,EL-LV_LC,EEL,Anguilla rostrata,90
2007,2,LV,RHLS,Clupea harengus,13
2007,3,LV,MIK,Clupea harengus,55
2007,5,LV,RHLS,Clupea harengus,202
2007,5,LV,GORL,Osmerus eperlanus,30
2007,6,LV,GORL,Nerophis ophidion,31
2007,6,LV,GORL,Percidae,31
2007,7,LV,GORL,Ammodytes tobianus,35
2007,7,LV,GORL,Pomatoschistus,35
2007,8,LV,GORL,Osmerus eperlanus,17
2007,9,LV,IHLS,Clupea harengus,4880
2007,12,LV,IHLS,Clupea harengus,1540
2008,12,EL-EG_2,CP-EGGS,Gadidae,17
2008,12,EL-EG_2,CP-EGGS,Pleuronectes platessa,51
2008,12,EL-EG_3,CP-EGGS,Pleuronectes platessa,74
2008,12,EL-EG_4,CP-EGGS,Hippoglossoides platessoides,10
2008,12,EL-EG_5,CP-EGGS,Hippoglossoides platessoides,4
2008,12,EL-EG_5,CP-EGGS,Unidentified spp,1
2008,2,LV,RHLS,Clupea harengus,28
2008,5,LV,GORL,Clupea harengus,29
2008,5,LV,RHLS,Clupea harengus,161
2008,5,LV,GORL,Osmerus eperlanus,29
2008,6,LV,GORL,Nerophis ophidion,34
2008,6,LV,GORL,Percidae,34
2008,7,LV,GORL,Ammodytes tobianus,27
2008,12,LV,IHLS,Clupea harengus,1560
2009,1,EG,CP-EGGS,Gadidae,7073
2009,1,EG,CP-EGGS,Hippoglossoides platessoides,20
2009,1,EG,CP-EGGS,Pleuronectes platessa,1179
2009,2,EG,CP-EGGS,Melanogrammus aeglefinus,490
2009,3,EG,CP-EGGS,Gadus morhua,21
2009,3,EG,CP-EGGS,Unidentified spp,97
2009,1,EL-EG_1,CP-EGGS,Hippoglossoides platessoides,1
2009,2,EL-EG_1,CP-EGGS,Gadus morhua,1
2009,3,EL-EG_1,CP-EGGS,Pleuronectes platessa,23
2009,1,EL-EG_2,CP-EGGS,Gadus morhua,98
2009,1,EL-EG_2,CP-EGGS,Unidentified spp,46
2009,2,EL-EG_2,CP-EGGS,Gadidae,136
2009,2,EL-EG_2,CP-EGGS,Pleuronectes platessa,279
2009,1,EL-EG_3,CP-EGGS,Gadus morhua,51
2009,2,EL-EG_3,CP-EGGS,Gadidae,244
2009,2,EL-EG_3,CP-EGGS,Pleuronectes platessa,538
2009,1,EL-EG_4,CP-EGGS,Gadidae,359
2009,1,EL-EG_4,CP-EGGS,Pleuronectes platessa,449
2009,2,EL-EG_4,CP-EGGS,Hippoglossoides platessoides,8
2009,1,EL-EG_5,CP-EGGS,Pleuronectes platessa,367
2009,2,EL-EG_5,CP-EGGS,Merlangius merlangus,9
2009,3,EL-EG_5,CP-EGGS,Gadus morhua,2
2009,3,EL-EG_5,CP-EGGS,Melanogrammus aeglefinus,1
2009,1,LV,CP-EGGS,Aphia minuta,1
2009,2,LV,CP-EGGS,Gobiidae,2
2009,2,LV,CP-EGGS,Maurolicus muelleri,1
2009,2,LV,CP-EGGS,Melanogrammus aeglefinus,1
2009,2,LV,CP-EGGS,Pollachius virens,417
2009,2,LV,CP-EGGS,Unidentified spp,189
2009,3,LV,CP-EGGS,Crystallogobius linearis,37
2009,3,LV,CP-EGGS,Pleuronectes platessa,3
2009,5,LV,GORL,Clupea harengus,20
2009,5,LV,RHLS,Clupea harengus,129
2009,5,LV,GORL,Osmerus eperlanus,20
2009,6,LV,GORL,Nerophis ophidion,34
2009,6,LV,GORL,Percidae,34
2009,6,LV,GORL,Pomatoschistus,34
2009,7,LV,GORL,Ammodytes tobianus,40
2009,11,LV,RHLS,Clupea harengus,39
2010,3,EG,MEGS,Scomber scombrus,413
2010,2,EL-EG_1,MEGS,Scomber,29
2010,7,EL-EG_1,MEGS,Trachurus trachurus,61
2010,6,EL-EG_2,MEGS,Trachurus trachurus,67
2010,4,EL-EG_3,MEGS,Scomber scombrus,224
2010,3,EL-EG_4,MEGS,Scomber,6
2010,3,EL-EG_4,MEGS,Scomber scombrus,123
2010,3,EL-EG_5,MEGS,Scomber,3
2010,3,EL-EG_5,MEGS,Scomber scombrus,108
2009,2,LV,CP-EGGS,Liparis montagui,4
2009,2,LV,CP-EGGS,Pleuronectes platessa,136
2009,2,LV,CP-EGGS,Sprattus sprattus,43
2009,2,LV,CP-EGGS,Trisopterus esmarkii,97
2009,3,LV,CP-EGGS,Hippoglossoides platessoides,1
2009,3,LV,CP-EGGS,Pleuronectidae,1
2009,3,LV,CP-EGGS,Pollachius virens,15
2009,3,LV,CP-EGGS,Unidentified spp,12
2009,4,LV,RHLS,Clupea harengus,143
2009,5,LV,GORL,Nerophis ophidion,20
2009,5,LV,GORL,Percidae,20
2009,6,LV,GORL,Clupea harengus,34
2009,9,LV,IHLS,Clupea harengus,6460
2009,12,LV,IHLS,Clupea harengus,1540
2010,5,EG,MEGS,Trachurus trachurus,313
2010,6,EG,MEGS,Scomber scombrus,962
2010,3,EL-EG_1,MEGS,Scomber scombrus,168
2010,3,EL-EG_1,MEGS,Trachurus trachurus,68
2010,6,EL-EG_1,MEGS,Scomber scombrus,264
2010,6,EL-EG_1,MEGS,Trachurus trachurus,78
2010,2,EL-EG_2,MEGS,Scomber,18
2010,5,EL-EG_2,MEGS,Scomber scombrus,276
2010,5,EL-EG_2,MEGS,Trachurus trachurus,85
2010,5,EL-EG_3,MEGS,Scomber scombrus,300
2010,5,EL-EG_3,MEGS,Trachurus trachurus,101
2010,4,EL-EG_4,MEGS,Scomber scombrus,164
2010,4,EL-EG_4,MEGS,Trachurus trachurus,56
2010,7,EL-EG_4,MEGS,Scomber scombrus,41
2010,7,EL-EG_4,MEGS,Trachurus trachurus,39
2010,4,EL-EG_5,MEGS,Scomber scombrus,149
2010,7,EL-EG_5,MEGS,Scomber scombrus,23
2010,1,LV,IHLS,Clupea harengus,2840
2010,5,LV,RHLS,Clupea harengus,135
2010,6,LV,GORL,Ammodytes tobianus,40
2010,6,LV,GORL,Percidae,40
2010,7,LV,GORL,Clupea harengus,26
2010,7,LV,GORL,Osmerus eperlanus,26
2010,7,LV,GORL,Pomatoschistus,26
2011,5,LV,GORL,Nerophis ophidion,14
2011,5,LV,GORL,Osmerus eperlanus,14
2011,5,LV,GORL,Pomatoschistus,14
2011,7,LV,GORL,Ammodytes tobianus,28
2011,9,LV,IHLS,Clupea harengus,4360
2011,12,LV,IHLS,Clupea harengus,1480
2012,1,LV,MIK,Clupea harengus,1398
2012,2,LV,RHLS,Clupea harengus,29
2012,5,LV,GORL,Ammodytes tobianus,29
2012,5,LV,RHLS,Clupea harengus,159
2012,6,LV,GORL,Nerophis ophidion,36
2012,6,LV,GORL,Percidae,36
2012,7,LV,GORL,Clupea harengus,30
2013,3,EG,MEGS,Trachurus trachurus,41
2013,6,EG,MEGS,Trachurus trachurus,206
2013,4,EL-EG_1,MEGS,Scomber scombrus,198
2013,4,EL-EG_1,MEGS,Trachurus trachurus,67
2013,7,EL-EG_1,MEGS,Scomber scombrus,15
2013,7,EL-EG_1,MEGS,Trachurus trachurus,39
2013,3,EL-EG_2,MEGS,Scomber scombrus,128
2013,3,EL-EG_2,MEGS,Trachurus trachurus,34
2013,6,EL-EG_2,MEGS,Scomber scombrus,213
2013,6,EL-EG_2,MEGS,Trachurus trachurus,49
2013,3,EL-EG_3,MEGS,Scomber scombrus,152
2013,6,EL-EG_3,MEGS,Scomber scombrus,275
2013,6,EL-EG_3,MEGS,Trachurus trachurus,45
2013,2,EL-EG_4,MEGS,Scomber scombrus,13
2013,5,EL-EG_4,MEGS,Scomber scombrus,181
2013,5,EL-EG_4,MEGS,Trachurus trachurus,25
2013,2,EL-EG_5,MEGS,Scomber scombrus,10
2013,5,EL-EG_5,MEGS,Scomber scombrus,164
2013,3,LV,RHLS,Clupea harengus,72
2013,5,LV,GORL,Clupea harengus,25
2013,5,LV,GORL,Osmerus eperlanus,25
2013,5,LV,GORL,Pomatoschistus,25
2013,7,LV,GORL,Ammodytes tobianus,36
2013,7,LV,GORL,Percidae,36
2014,1,LV,MIK,Clupea harengus,1227
2014,5,LV,RHLS,Clupea harengus,129
2010,6,EL-EG_5,MEGS,Scomber scombrus,156
2010,2,LV,MIK,Clupea harengus,1679
2010,5,LV,GORL,Clupea harengus,14
2010,6,LV,GORL,Nerophis ophidion,40
2010,6,LV,GORL,Pomatoschistus,40
2010,11,LV,RHLS,Clupea harengus,35
2011,2,LV,MIK,Clupea harengus,1276
2011,4,LV,RHLS,Clupea harengus,132
2011,5,LV,GORL,Clupea harengus,14
2011,5,LV,GORL,Percidae,14
2011,6,LV,GORL,Ammodytes tobianus,43
2011,6,LV,GORL,Pomatoschistus,43
2011,11,LV,RHLS,Clupea harengus,31
2012,2,LV,MIK,Clupea harengus,1574
2012,4,LV,RHLS,Clupea harengus,147
2012,5,LV,GORL,Nerophis ophidion,29
2012,5,LV,GORL,Percidae,29
2012,6,LV,GORL,Ammodytes tobianus,36
2012,6,LV,GORL,Pomatoschistus,36
2012,7,LV,GORL,Osmerus eperlanus,30
2012,8,LV,GORL,Clupea harengus,9
2012,8,LV,GORL,Percidae,9
2013,3,EG,MEGS,Scomber scombrus,269
2013,4,EG,MEGS,Trachurus trachurus,39
2013,6,EG,MEGS,Molva molva,29
2013,6,EG,MEGS,Scomber scombrus,1274
2013,2,EL-EG_1,MEGS,Scomber scombrus,52
2013,3,EL-EG_1,MEGS,Trachurus trachurus,42
2013,5,EL-EG_1,MEGS,Scomber scombrus,230
2013,6,EL-EG_1,MEGS,Trachurus trachurus,81
2013,2,EL-EG_2,MEGS,Trachurus trachurus,38
2013,4,EL-EG_2,MEGS,Scomber scombrus,150
2013,5,EL-EG_2,MEGS,Trachurus trachurus,37
2013,7,EL-EG_2,MEGS,Scomber scombrus,7
2013,2,EL-EG_3,MEGS,Trachurus trachurus,44
2013,4,EL-EG_3,MEGS,Scomber scombrus,166
2013,5,EL-EG_3,MEGS,Trachurus trachurus,41
2013,7,EL-EG_3,MEGS,Scomber scombrus,16
2013,2,EL-EG_4,MEGS,Scomber,11
2013,3,EL-EG_4,MEGS,Scomber scombrus,110
2013,4,EL-EG_4,MEGS,Trachurus trachurus,51
2013,6,EL-EG_4,MEGS,Scomber scombrus,236
2013,7,EL-EG_4,MEGS,Trachurus trachurus,24
2013,2,EL-EG_5,MEGS,Scomber,1
2013,6,EL-EG_5,MEGS,Scomber scombrus,216
2013,1,LV,IHLS,Clupea harengus,3120
2013,2,LV,MIK,Clupea harengus,1566
2013,4,LV,RHLS,Clupea harengus,173
2013,5,LV,GORL,Nerophis ophidion,25
2013,5,LV,GORL,Percidae,25
2013,6,LV,GORL,Ammodytes tobianus,33
2013,7,LV,GORL,Osmerus eperlanus,36
2014,1,LV,IHLS,Clupea harengus,3240
2014,4,LV,RHLS,Clupea harengus,107
2015,2,EG,MEGS,Scomber scombrus,56
2015,1,LV,IHLS,Clupea harengus,1660
2015,1,LV,MIK,Clupea harengus,542
2016,2,EG,MEGS,Molva molva,5
2016,2,EG,MEGS,Scomber scombrus,63
2016,3,EG,MEGS,Trachurus trachurus,8
2016,5,EG,MEGS,Molva molva,65
2016,5,EG,MEGS,Scomber scombrus,1358
2016,1,LV,MIK,Clupea harengus,481
2017,5,EG,MEGS,Scomber scombrus,57
2017,1,LV,MIK,Clupea harengus,855
2018,5,EG,MEGS,Molva molva,4
2018,5,EG,MEGS,Scomber scombrus,143
2018,1,LV,MIK,Clupea harengus,710
2019,3,EG,MEGS,Trachurus trachurus,95
2019,5,EG,MEGS,Molva molva,56
2019,5,EG,MEGS,Scomber scombrus,979
2019,6,EG,MEGS,Trachurus trachurus,8
2019,1,LV,MIK,Clupea harengus,724
2019,9,LV,IHLS,Clupeidae,19
2020,2,LV,MIK,Microstomus kitt,34
2020,2,LV,MIK,Sprattus sprattus,4
2020,9,LV,IHLS,Clupea harengus,372
2020,9,LV,IHLS,Clupeidae,16
2020,12,LV,IHLS,Clupeidae,10
2021,1,LV,MIK,Ammodytes marinus,4
2021,1,LV,MIK,Maurolicus muelleri,64
2021,2,LV,MIK,Sprattus sprattus,42
2015,3,EG,MEGS,Molva molva,27
2015,3,EG,MEGS,Scomber scombrus,92
2015,2,LV,MIK,Clupea harengus,563
2016,4,EG,MEGS,Trachurus trachurus,29
2016,7,EG,MEGS,Trachurus trachurus,121
2016,8,EG,MEGS,Scomber scombrus,1
2016,9,LV,IHLS,Clupea harengus,6480
2017,6,EG,MEGS,Scomber scombrus,148
2017,1,LV,IHLS,Clupea harengus,5640
2017,2,LV,MIK,Clupea harengus,636
2018,9,LV,IHLS,Clupea harengus,153
2019,2,EG,MEGS,Scomber scombrus,120
2019,2,EG,MEGS,Trachurus trachurus,114
2019,5,EG,MEGS,Trachurus trachurus,117
2020,1,LV,MIK,Sardina pilchardus,152
2020,1,LV,MIK,Sprattus sprattus,4
2020,3,LV,MIK,Clupea harengus,6
2020,12,LV,IHLS,Clupea harengus,184
2021,1,LV,MIK,Argentina sphyraena,1
2021,1,LV,MIK,Clupea harengus,1378
2021,1,LV,MIK,Clupeidae,9
2021,1,LV,MIK,Microstomus kitt,110
2021,2,LV,MIK,Ammodytes marinus,8
2021,2,LV,MIK,Chirolophis ascanii,7
2010,5,EG,MEGS,Scomber scombrus,1391
2010,6,EG,MEGS,Trachurus trachurus,255
2010,4,EL-EG_1,MEGS,Scomber scombrus,237
2010,5,EL-EG_1,MEGS,Trachurus trachurus,126
2010,7,EL-EG_1,MEGS,Scomber scombrus,58
2010,3,EL-EG_2,MEGS,Scomber scombrus,128
2010,4,EL-EG_2,MEGS,Trachurus trachurus,81
2010,6,EL-EG_2,MEGS,Scomber scombrus,183
2010,7,EL-EG_2,MEGS,Trachurus trachurus,39
2010,2,EL-EG_3,MEGS,Scomber,6
2010,3,EL-EG_3,MEGS,Scomber scombrus,159
2010,4,EL-EG_3,MEGS,Trachurus trachurus,84
2010,6,EL-EG_3,MEGS,Scomber scombrus,178
2010,7,EL-EG_3,MEGS,Trachurus trachurus,54
2010,1,EL-EG_4,MEGS,Scomber,3
2010,3,EL-EG_4,MEGS,Trachurus trachurus,27
2010,5,EL-EG_4,MEGS,Scomber scombrus,232
2010,6,EL-EG_4,MEGS,Trachurus trachurus,44
2010,5,EL-EG_5,MEGS,Scomber scombrus,218
2010,1,LV,MIK,Clupea harengus,595
2010,3,LV,RHLS,Clupea harengus,36
2010,5,LV,GORL,Ammodytes tobianus,14
2010,6,LV,RHLS,Clupea harengus,146
2010,6,LV,GORL,Osmerus eperlanus,40
2010,7,LV,GORL,Nerophis ophidion,26
2010,7,LV,GORL,Percidae,26
2011,3,LV,RHLS,Clupea harengus,72
2011,5,LV,GORL,Ammodytes tobianus,14
2011,6,LV,GORL,Clupea harengus,43
2011,6,LV,RHLS,Clupea harengus,141
2011,6,LV,GORL,Osmerus eperlanus,43
2011,7,LV,GORL,Nerophis ophidion,28
2011,7,LV,GORL,Percidae,28
2012,3,LV,RHLS,Clupea harengus,90
2012,6,LV,GORL,Clupea harengus,36
2012,6,LV,RHLS,Clupea harengus,138
2012,6,LV,GORL,Osmerus eperlanus,36
2012,7,LV,GORL,Nerophis ophidion,30
2012,7,LV,GORL,Percidae,30
2012,7,LV,GORL,Pomatoschistus,30
2012,8,LV,GORL,Ammodytes tobianus,9
2012,9,LV,IHLS,Clupea harengus,4280
2013,2,EG,MEGS,Trachurus trachurus,154
2013,4,EG,MEGS,Molva molva,1
2013,4,EG,MEGS,Scomber scombrus,414
2013,3,EL-EG_1,MEGS,Scomber scombrus,180
2013,2,EL-EG_2,MEGS,Scomber,18
2013,2,EL-EG_2,MEGS,Scomber scombrus,20
2013,7,EL-EG_2,MEGS,Trachurus trachurus,26
2013,2,EL-EG_3,MEGS,Scomber,14
2013,2,EL-EG_3,MEGS,Scomber scombrus,33
2013,3,EL-EG_3,MEGS,Trachurus trachurus,33
2013,5,EL-EG_3,MEGS,Scomber scombrus,216
2013,2,EL-EG_4,MEGS,Trachurus trachurus,38
2013,4,EL-EG_4,MEGS,Scomber scombrus,144
2013,4,EL-EG_5,MEGS,Scomber scombrus,118
2013,7,EL-EG_5,MEGS,Scomber scombrus,5
2013,6,LV,GORL,Clupea harengus,33
2013,6,LV,RHLS,Clupea harengus,144
2013,7,LV,GORL,Nerophis ophidion,36
2013,7,LV,GORL,Pomatoschistus,36
2013,9,LV,IHLS,Clupea harengus,5140
2013,12,LV,IHLS,Clupea harengus,1260
2014,9,LV,IHLS,Clupea harengus,5180
2015,9,LV,IHLS,Clupea harengus,5560
2015,12,LV,IHLS,Clupea harengus,800
2016,4,EG,MEGS,Molva molva,113
2016,4,EG,MEGS,Scomber scombrus,524
2016,5,EG,MEGS,Trachurus trachurus,62
2016,7,EG,MEGS,Scomber scombrus,102
2016,8,EG,MEGS,Trachurus trachurus,9
2016,12,LV,IHLS,Clupea harengus,3080
2019,1,EG,MEGS,Trachurus trachurus,45
2019,3,EG,MEGS,Molva molva,44
2019,3,EG,MEGS,Scomber scombrus,442
2019,6,EG,MEGS,Molva molva,24
2019,6,EG,MEGS,Scomber scombrus,705
2019,2,LV,MIK,Clupea harengus,1777
2020,2,LV,MIK,Clupea harengus,1377
2009,2,EG,CP-EGGS,Unidentified spp,1557
2009,3,EG,CP-EGGS,Gadidae,8
2009,2,EL-EG_1,CP-EGGS,Merlangius merlangus,1
2009,1,EL-EG_2,CP-EGGS,Merlangius merlangus,200
2009,2,EL-EG_2,CP-EGGS,Gadus morhua,202
2009,3,EL-EG_2,CP-EGGS,Gadidae,7
2009,1,EL-EG_3,CP-EGGS,Merlangius merlangus,172
2009,1,EL-EG_3,CP-EGGS,Pleuronectes platessa,661
2009,1,EL-EG_3,CP-EGGS,Unidentified spp,85
2009,2,EL-EG_3,CP-EGGS,Gadus morhua,118
2009,2,EL-EG_3,CP-EGGS,Hippoglossoides platessoides,52
2009,1,EL-EG_4,CP-EGGS,Gadus morhua,68
2009,1,EL-EG_4,CP-EGGS,Hippoglossoides platessoides,28
2009,1,EL-EG_5,CP-EGGS,Gadidae,202
2009,1,EL-EG_5,CP-EGGS,Hippoglossoides platessoides,25
2009,3,EL-EG_5,CP-EGGS,Pleuronectes platessa,17
2009,1,LV,IHLS,Clupea harengus,3240
2009,1,LV,CP-EGGS,Sprattus sprattus,1
2009,2,LV,CP-EGGS,Ammodytes marinus,603
2009,2,LV,CP-EGGS,Clupea harengus,76
2009,2,LV,MIK,Clupea harengus,1856
2009,2,LV,RHLS,Clupea harengus,19
2009,2,LV,CP-EGGS,Clupeidae,2
2009,2,LV,CP-EGGS,Crystallogobius linearis,123
2009,2,LV,CP-EGGS,Microstomus kitt,8
2009,2,LV,CP-EGGS,Pleuronectidae,3
2009,3,LV,CP-EGGS,Ammodytes tobianus,1
2009,3,LV,CP-EGGS,Chirolophis ascanii,1
2009,3,LV,CP-EGGS,Gobiidae,2
2009,3,LV,CP-EGGS,Trisopterus esmarkii,54
2009,6,LV,GORL,Ammodytes tobianus,34
2009,7,LV,GORL,Nerophis ophidion,40
2009,7,LV,GORL,Osmerus eperlanus,40
2009,7,LV,GORL,Pomatoschistus,40
2010,1,EG,MEGS,Scomber scombrus,3
2010,4,EG,MEGS,Scomber scombrus,866
2010,4,EG,MEGS,Trachurus trachurus,174
2010,7,EG,MEGS,Scomber scombrus,205
2010,7,EG,MEGS,Trachurus trachurus,193
2010,4,EL-EG_1,MEGS,Trachurus trachurus,95
2010,5,EL-EG_1,MEGS,Scomber scombrus,400
2010,3,EL-EG_2,MEGS,Scomber,1
2010,3,EL-EG_2,MEGS,Trachurus trachurus,40
2010,4,EL-EG_2,MEGS,Scomber scombrus,206
2010,7,EL-EG_2,MEGS,Scomber scombrus,31
2010,3,EL-EG_3,MEGS,Scomber,1
2010,3,EL-EG_3,MEGS,Trachurus trachurus,40
2010,6,EL-EG_3,MEGS,Trachurus trachurus,66
2010,7,EL-EG_3,MEGS,Scomber scombrus,52
2010,2,EL-EG_4,MEGS,Scomber,17
2010,5,EL-EG_4,MEGS,Trachurus trachurus,71
2010,6,EL-EG_4,MEGS,Scomber scombrus,181
2010,2,EL-EG_5,MEGS,Scomber,2
2010,4,LV,RHLS,Clupea harengus,142
2010,5,LV,GORL,Nerophis ophidion,14
2010,5,LV,GORL,Osmerus eperlanus,14
2010,5,LV,GORL,Percidae,14
2010,5,LV,GORL,Pomatoschistus,14
2010,6,LV,GORL,Clupea harengus,40
2010,7,LV,GORL,Ammodytes tobianus,26
2010,9,LV,IHLS,Clupea harengus,3940
2010,12,LV,IHLS,Clupea harengus,1320
2011,1,LV,IHLS,Clupea harengus,3040
2011,1,LV,MIK,Clupea harengus,799
2011,5,LV,RHLS,Clupea harengus,144
2011,6,LV,GORL,Nerophis ophidion,43
2011,6,LV,GORL,Percidae,43
2011,7,LV,GORL,Clupea harengus,28
2011,7,LV,GORL,Osmerus eperlanus,28
2011,7,LV,GORL,Pomatoschistus,28
2012,3,LV,MIK,Clupea harengus,131
2012,5,LV,GORL,Clupea harengus,29
2012,5,LV,GORL,Osmerus eperlanus,29
2012,5,LV,GORL,Pomatoschistus,29
2012,7,LV,GORL,Ammodytes tobianus,30
2012,8,LV,GORL,Nerophis ophidion,9
2012,8,LV,GORL,Osmerus eperlanus,9
2020,2,LV,MIK,Clupeidae,4
2020,2,LV,MIK,Sardina pilchardus,98
2021,1,LV,MIK,Chirolophis ascanii,2
2021,1,LV,IHLS,Clupea harengus,352
2021,2,LV,MIK,Clupea harengus,1700
2021,2,LV,MIK,Sardina pilchardus,238
2012,8,LV,GORL,Pomatoschistus,9
2012,12,LV,IHLS,Clupea harengus,1440
2013,2,EG,MEGS,Scomber scombrus,86
2013,5,EG,MEGS,Molva molva,23
2013,5,EG,MEGS,Scomber scombrus,957
2013,5,EG,MEGS,Trachurus trachurus,162
2013,2,EL-EG_1,MEGS,Scomber,17
2013,2,EL-EG_1,MEGS,Trachurus trachurus,35
2013,5,EL-EG_1,MEGS,Trachurus trachurus,59
2013,6,EL-EG_1,MEGS,Scomber scombrus,334
2013,4,EL-EG_2,MEGS,Trachurus trachurus,54
2013,5,EL-EG_2,MEGS,Scomber scombrus,166
2013,4,EL-EG_3,MEGS,Trachurus trachurus,55
2013,7,EL-EG_3,MEGS,Trachurus trachurus,33
2013,3,EL-EG_4,MEGS,Trachurus trachurus,28
2013,6,EL-EG_4,MEGS,Trachurus trachurus,31
2013,7,EL-EG_4,MEGS,Scomber scombrus,11
2013,3,EL-EG_5,MEGS,Scomber scombrus,76
2013,1,LV,MIK,Clupea harengus,822
2013,5,LV,GORL,Ammodytes tobianus,25
2013,5,LV,RHLS,Clupea harengus,144
2013,6,LV,GORL,Nerophis ophidion,33
2013,6,LV,GORL,Osmerus eperlanus,33
2013,6,LV,GORL,Percidae,33
2013,6,LV,GORL,Pomatoschistus,33
2013,7,LV,GORL,Clupea harengus,36
2014,2,LV,MIK,Clupea harengus,2221
2014,3,LV,RHLS,Clupea harengus,60
2014,6,LV,RHLS,Clupea harengus,143
2016,3,EG,MEGS,Molva molva,7
2016,3,EG,MEGS,Scomber scombrus,236
2016,6,EG,MEGS,Molva molva,69
2016,6,EG,MEGS,Scomber scombrus,546
2016,6,EG,MEGS,Trachurus trachurus,135
2016,1,LV,IHLS,Clupea harengus,2940
2016,2,LV,MIK,Clupea harengus,1641
2018,6,EG,MEGS,Molva molva,8
2018,6,EG,MEGS,Scomber scombrus,6
2018,2,LV,MIK,Clupea harengus,2179
2019,1,EG,MEGS,Scomber scombrus,21
2019,4,EG,MEGS,Molva molva,113
2019,4,EG,MEGS,Scomber scombrus,849
2019,4,EG,MEGS,Trachurus trachurus,174
2019,7,EG,MEGS,Scomber scombrus,122
2019,7,EG,MEGS,Trachurus trachurus,122
2019,9,LV,IHLS,Clupea harengus,398
2019,12,LV,IHLS,Clupea harengus,180
2019,12,LV,IHLS,Clupeidae,7
2020,1,LV,MIK,Clupea harengus,3125
2020,1,LV,MIK,Clupeidae,20
2020,1,LV,MIK,Microstomus kitt,50
2021,1,LV,MIK,Sardina pilchardus,348
2021,1,LV,MIK,Sprattus sprattus,21
2021,2,LV,MIK,Clupeidae,16
2021,2,LV,MIK,Maurolicus muelleri,6
2021,2,LV,MIK,Microstomus kitt,108
